State_FIPS_Code,County_FIPS_Code,Postal_Code,Name,Median_Household_Income
0,0,US,United_States,55775
1,0,AL,Alabama,44833
1,1,AL,Autauga_County,56580
1,3,AL,Baldwin_County,52387
1,5,AL,Barbour_County,31433
1,7,AL,Bibb_County,40767
1,9,AL,Blount_County,50487
1,11,AL,Bullock_County,28251
1,13,AL,Butler_County,33868
1,15,AL,Calhoun_County,42091
1,17,AL,Chambers_County,35560
1,19,AL,Cherokee_County,39144
1,21,AL,Chilton_County,42767
1,23,AL,Choctaw_County,35089
1,25,AL,Clarke_County,37317
1,27,AL,Clay_County,38908
1,29,AL,Cleburne_County,42136
1,31,AL,Coffee_County,46858
1,33,AL,Colbert_County,41171
1,35,AL,Conecuh_County,29981
1,37,AL,Coosa_County,36078
1,39,AL,Covington_County,36355
1,41,AL,Crenshaw_County,36759
1,43,AL,Cullman_County,39290
1,45,AL,Dale_County,45294
1,47,AL,Dallas_County,29682
1,49,AL,DeKalb_County,37305
1,51,AL,Elmore_County,53548
1,53,AL,Escambia_County,36840
1,55,AL,Etowah_County,42145
1,57,AL,Fayette_County,37085
1,59,AL,Franklin_County,38535
1,61,AL,Geneva_County,36289
1,63,AL,Greene_County,25398
1,65,AL,Hale_County,35470
1,67,AL,Henry_County,42501
1,69,AL,Houston_County,43568
1,71,AL,Jackson_County,40201
1,73,AL,Jefferson_County,48415
1,75,AL,Lamar_County,36520
1,77,AL,Lauderdale_County,43008
1,79,AL,Lawrence_County,41771
1,81,AL,Lee_County,46442
1,83,AL,Limestone_County,55060
1,85,AL,Lowndes_County,31117
1,87,AL,Macon_County,29522
1,89,AL,Madison_County,59117
1,91,AL,Marengo_County,35389
1,93,AL,Marion_County,34977
1,95,AL,Marshall_County,40599
1,97,AL,Mobile_County,42530
1,99,AL,Monroe_County,35163
1,101,AL,Montgomery_County,42666
1,103,AL,Morgan_County,47234
1,105,AL,Perry_County,26218
1,107,AL,Pickens_County,33160
1,109,AL,Pike_County,34442
1,111,AL,Randolph_County,37333
1,113,AL,Russell_County,36124
1,115,AL,St._Clair_County,53558
1,117,AL,Shelby_County,70879
1,119,AL,Sumter_County,25931
1,121,AL,Talladega_County,37911
1,123,AL,Tallapoosa_County,39051
1,125,AL,Tuscaloosa_County,47868
1,127,AL,Walker_County,37305
1,129,AL,Washington_County,42658
1,131,AL,Wilcox_County,23014
1,133,AL,Winston_County,36497
2,0,AK,Alaska,73391
2,13,AK,Aleutians_East_Borough,57015
2,16,AK,Aleutians_West_Census_Area,80695
2,20,AK,Anchorage_Borough,77791
2,50,AK,Bethel_Census_Area,44849
2,60,AK,Bristol_Bay_Borough,66373
2,68,AK,Denali_Borough,73000
2,70,AK,Dillingham_Census_Area,50753
2,90,AK,Fairbanks_North_Star_Borough,70881
2,100,AK,Haines_Borough,57876
2,105,AK,Hoonah-Angoon_Census_Area,53726
2,110,AK,Juneau_Borough,82892
2,122,AK,Kenai_Peninsula_Borough,62025
2,130,AK,Ketchikan_Gateway_Borough,65314
2,150,AK,Kodiak_Island_Borough,67515
2,158,AK,Kusilvak_Census_Area,33511
2,164,AK,Lake_and_Peninsula_Borough,42120
2,170,AK,Matanuska-Susitna_Borough,76601
2,180,AK,Nome_Census_Area,52952
2,185,AK,North_Slope_Borough,70834
2,188,AK,Northwest_Arctic_Borough,53774
2,195,AK,Petersburg_Borough,63098
2,198,AK,Prince_of_Wales-Hyder_Census_Area,45305
2,220,AK,Sitka_Borough,68472
2,230,AK,Skagway_Municipality,65878
2,240,AK,Southeast_Fairbanks_Census_Area,60203
2,261,AK,Valdez-Cordova_Census_Area,70101
2,275,AK,Wrangell_City_and_Borough,54500
2,282,AK,Yakutat_Borough,53795
2,290,AK,Yukon-Koyukuk_Census_Area,37755
4,0,AZ,Arizona,51473
4,1,AZ,Apache_County,31072
4,3,AZ,Cochise_County,43451
4,5,AZ,Coconino_County,51955
4,7,AZ,Gila_County,41346
4,9,AZ,Graham_County,44169
4,11,AZ,Greenlee_County,58854
4,12,AZ,La_Paz_County,34835
4,13,AZ,Maricopa_County,56017
4,15,AZ,Mohave_County,40360
4,17,AZ,Navajo_County,37658
4,19,AZ,Pima_County,47107
4,21,AZ,Pinal_County,50888
4,23,AZ,Santa_Cruz_County,34893
4,25,AZ,Yavapai_County,47220
4,27,AZ,Yuma_County,40426
5,0,AR,Arkansas,42046
5,1,AR,Arkansas_County,41179
5,3,AR,Ashley_County,39871
5,5,AR,Baxter_County,36902
5,7,AR,Benton_County,60294
5,9,AR,Boone_County,40909
5,11,AR,Bradley_County,37331
5,13,AR,Calhoun_County,40526
5,15,AR,Carroll_County,37587
5,17,AR,Chicot_County,29968
5,19,AR,Clark_County,37856
5,21,AR,Clay_County,35324
5,23,AR,Cleburne_County,43913
5,25,AR,Cleveland_County,44123
5,27,AR,Columbia_County,38057
5,29,AR,Conway_County,43702
5,31,AR,Craighead_County,42460
5,33,AR,Crawford_County,46545
5,35,AR,Crittenden_County,37371
5,37,AR,Cross_County,39132
5,39,AR,Dallas_County,33352
5,41,AR,Desha_County,30987
5,43,AR,Drew_County,39339
5,45,AR,Faulkner_County,51157
5,47,AR,Franklin_County,41933
5,49,AR,Fulton_County,34717
5,51,AR,Garland_County,37723
5,53,AR,Grant_County,47652
5,55,AR,Greene_County,43996
5,57,AR,Hempstead_County,34560
5,59,AR,Hot_Spring_County,39851
5,61,AR,Howard_County,33199
5,63,AR,Independence_County,38241
5,65,AR,Izard_County,35355
5,67,AR,Jackson_County,32571
5,69,AR,Jefferson_County,36990
5,71,AR,Johnson_County,35877
5,73,AR,Lafayette_County,33864
5,75,AR,Lawrence_County,34808
5,77,AR,Lee_County,28481
5,79,AR,Lincoln_County,40216
5,81,AR,Little_River_County,39265
5,83,AR,Logan_County,37924
5,85,AR,Lonoke_County,56240
5,87,AR,Madison_County,41007
5,89,AR,Marion_County,34946
5,91,AR,Miller_County,39005
5,93,AR,Mississippi_County,34888
5,95,AR,Monroe_County,30801
5,97,AR,Montgomery_County,37813
5,99,AR,Nevada_County,35914
5,101,AR,Newton_County,33679
5,103,AR,Ouachita_County,37987
5,105,AR,Perry_County,43020
5,107,AR,Phillips_County,28224
5,109,AR,Pike_County,36266
5,111,AR,Poinsett_County,32756
5,113,AR,Polk_County,34723
5,115,AR,Pope_County,41074
5,117,AR,Prairie_County,39518
5,119,AR,Pulaski_County,46473
5,121,AR,Randolph_County,34730
5,123,AR,St._Francis_County,31625
5,125,AR,Saline_County,56926
5,127,AR,Scott_County,36028
5,129,AR,Searcy_County,30427
5,131,AR,Sebastian_County,41452
5,133,AR,Sevier_County,41848
5,135,AR,Sharp_County,32095
5,137,AR,Stone_County,32023
5,139,AR,Union_County,42195
5,141,AR,Van_Buren_County,38306
5,143,AR,Washington_County,46418
5,145,AR,White_County,42508
5,147,AR,Woodruff_County,31013
5,149,AR,Yell_County,37415
6,0,CA,California,64483
6,1,CA,Alameda_County,81462
6,3,CA,Alpine_County,50882
6,5,CA,Amador_County,55879
6,7,CA,Butte_County,45369
6,9,CA,Calaveras_County,52471
6,11,CA,Colusa_County,51118
6,13,CA,Contra_Costa_County,83036
6,15,CA,Del_Norte_County,38963
6,17,CA,El_Dorado_County,75575
6,19,CA,Fresno_County,46608
6,21,CA,Glenn_County,43584
6,23,CA,Humboldt_County,40739
6,25,CA,Imperial_County,39925
6,27,CA,Inyo_County,51697
6,29,CA,Kern_County,51150
6,31,CA,Kings_County,46440
6,33,CA,Lake_County,37993
6,35,CA,Lassen_County,54670
6,37,CA,Los_Angeles_County,59045
6,39,CA,Madera_County,46593
6,41,CA,Marin_County,99868
6,43,CA,Mariposa_County,44595
6,45,CA,Mendocino_County,43237
6,47,CA,Merced_County,42879
6,49,CA,Modoc_County,38402
6,51,CA,Mono_County,53992
6,53,CA,Monterey_County,60047
6,55,CA,Napa_County,72683
6,57,CA,Nevada_County,57627
6,59,CA,Orange_County,78002
6,61,CA,Placer_County,76203
6,63,CA,Plumas_County,46813
6,65,CA,Riverside_County,57895
6,67,CA,Sacramento_County,58735
6,69,CA,San_Benito_County,76521
6,71,CA,San_Bernardino_County,53526
6,73,CA,San_Diego_County,67053
6,75,CA,San_Francisco_County,90527
6,77,CA,San_Joaquin_County,53341
6,79,CA,San_Luis_Obispo_County,61761
6,81,CA,San_Mateo_County,101133
6,83,CA,Santa_Barbara_County,63049
6,85,CA,Santa_Clara_County,102191
6,87,CA,Santa_Cruz_County,64841
6,89,CA,Shasta_County,45943
6,91,CA,Sierra_County,47535
6,93,CA,Siskiyou_County,37447
6,95,CA,Solano_County,67202
6,97,CA,Sonoma_County,66463
6,99,CA,Stanislaus_County,51949
6,101,CA,Sutter_County,50810
6,103,CA,Tehama_County,40292
6,105,CA,Trinity_County,37669
6,107,CA,Tulare_County,42637
6,109,CA,Tuolumne_County,53136
6,111,CA,Ventura_County,79285
6,113,CA,Yolo_County,58766
6,115,CA,Yuba_County,46500
8,0,CO,Colorado,63945
8,1,CO,Adams_County,62991
8,3,CO,Alamosa_County,40067
8,5,CO,Arapahoe_County,67062
8,7,CO,Archuleta_County,50361
8,9,CO,Baca_County,35405
8,11,CO,Bent_County,36630
8,13,CO,Boulder_County,72392
8,14,CO,Broomfield_County,86548
8,15,CO,Chaffee_County,50947
8,17,CO,Cheyenne_County,50620
8,19,CO,Clear_Creek_County,67262
8,21,CO,Conejos_County,37102
8,23,CO,Costilla_County,27944
8,25,CO,Crowley_County,35405
8,27,CO,Custer_County,43995
8,29,CO,Delta_County,42586
8,31,CO,Denver_County,57886
8,33,CO,Dolores_County,44829
8,35,CO,Douglas_County,109926
8,37,CO,Eagle_County,75191
8,39,CO,Elbert_County,90270
8,41,CO,El_Paso_County,60050
8,43,CO,Fremont_County,41967
8,45,CO,Garfield_County,64487
8,47,CO,Gilpin_County,67389
8,49,CO,Grand_County,59885
8,51,CO,Gunnison_County,47619
8,53,CO,Hinsdale_County,58613
8,55,CO,Huerfano_County,33098
8,57,CO,Jackson_County,46905
8,59,CO,Jefferson_County,71209
8,61,CO,Kiowa_County,42108
8,63,CO,Kit_Carson_County,44090
8,65,CO,Lake_County,45913
8,67,CO,La_Plata_County,60732
8,69,CO,Larimer_County,64935
8,71,CO,Las_Animas_County,38858
8,73,CO,Lincoln_County,43188
8,75,CO,Logan_County,46306
8,77,CO,Mesa_County,51449
8,79,CO,Mineral_County,50481
8,81,CO,Moffat_County,59173
8,83,CO,Montezuma_County,42975
8,85,CO,Montrose_County,46860
8,87,CO,Morgan_County,49087
8,89,CO,Otero_County,34970
8,91,CO,Ouray_County,60402
8,93,CO,Park_County,63319
8,95,CO,Phillips_County,48562
8,97,CO,Pitkin_County,76663
8,99,CO,Prowers_County,41348
8,101,CO,Pueblo_County,40540
8,103,CO,Rio_Blanco_County,61426
8,105,CO,Rio_Grande_County,40259
8,107,CO,Routt_County,70989
8,109,CO,Saguache_County,34209
8,111,CO,San_Juan_County,43489
8,113,CO,San_Miguel_County,62793
8,115,CO,Sedgwick_County,40325
8,117,CO,Summit_County,69633
8,119,CO,Teller_County,66191
8,121,CO,Washington_County,47592
8,123,CO,Weld_County,69434
8,125,CO,Yuma_County,48934
9,0,CT,Connecticut,71333
9,1,CT,Fairfield_County,86297
9,3,CT,Hartford_County,69260
9,5,CT,Litchfield_County,70847
9,7,CT,Middlesex_County,82878
9,9,CT,New_Haven_County,61758
9,11,CT,New_London_County,65602
9,13,CT,Tolland_County,81616
9,15,CT,Windham_County,61303
10,0,DE,Delaware,61327
10,1,DE,Kent_County,55678
10,3,DE,New_Castle_County,66179
10,5,DE,Sussex_County,54309
11,0,DC,District_of_Columbia,73115
11,1,DC,District_of_Columbia,73115
12,0,FL,Florida,49416
12,1,FL,Alachua_County,47023
12,3,FL,Baker_County,50883
12,5,FL,Bay_County,47745
12,7,FL,Bradford_County,40879
12,9,FL,Brevard_County,50352
12,11,FL,Broward_County,53624
12,13,FL,Calhoun_County,36062
12,15,FL,Charlotte_County,45495
12,17,FL,Citrus_County,39982
12,19,FL,Clay_County,59244
12,21,FL,Collier_County,62385
12,23,FL,Columbia_County,43303
12,27,FL,DeSoto_County,34380
12,29,FL,Dixie_County,35749
12,31,FL,Duval_County,49565
12,33,FL,Escambia_County,45735
12,35,FL,Flagler_County,50347
12,37,FL,Franklin_County,38220
12,39,FL,Gadsden_County,36637
12,41,FL,Gilchrist_County,39342
12,43,FL,Glades_County,40215
12,45,FL,Gulf_County,41320
12,47,FL,Hamilton_County,33497
12,49,FL,Hardee_County,35850
12,51,FL,Hendry_County,39320
12,53,FL,Hernando_County,43103
12,55,FL,Highlands_County,34691
12,57,FL,Hillsborough_County,51710
12,59,FL,Holmes_County,35202
12,61,FL,Indian_River_County,49887
12,63,FL,Jackson_County,36751
12,65,FL,Jefferson_County,42210
12,67,FL,Lafayette_County,40345
12,69,FL,Lake_County,49711
12,71,FL,Lee_County,50713
12,73,FL,Leon_County,46405
12,75,FL,Levy_County,36005
12,77,FL,Liberty_County,39623
12,79,FL,Madison_County,34360
12,81,FL,Manatee_County,50728
12,83,FL,Marion_County,40053
12,85,FL,Martin_County,53459
12,86,FL,Miami-Dade_County,43687
12,87,FL,Monroe_County,58332
12,89,FL,Nassau_County,55707
12,91,FL,Okaloosa_County,55391
12,93,FL,Okeechobee_County,35787
12,95,FL,Orange_County,50593
12,97,FL,Osceola_County,45127
12,99,FL,Palm_Beach_County,56638
12,101,FL,Pasco_County,46080
12,103,FL,Pinellas_County,47591
12,105,FL,Polk_County,44024
12,107,FL,Putnam_County,32351
12,109,FL,St._Johns_County,71896
12,111,FL,St._Lucie_County,45918
12,113,FL,Santa_Rosa_County,59289
12,115,FL,Sarasota_County,55882
12,117,FL,Seminole_County,57357
12,119,FL,Sumter_County,54592
12,121,FL,Suwannee_County,37368
12,123,FL,Taylor_County,39116
12,125,FL,Union_County,41078
12,127,FL,Volusia_County,42334
12,129,FL,Wakulla_County,48703
12,131,FL,Walton_County,47875
12,133,FL,Washington_County,36328
13,0,GA,Georgia,51225
13,1,GA,Appling_County,39588
13,3,GA,Atkinson_County,32398
13,5,GA,Bacon_County,35431
13,7,GA,Baker_County,34455
13,9,GA,Baldwin_County,38015
13,11,GA,Banks_County,44146
13,13,GA,Barrow_County,53789
13,15,GA,Bartow_County,50900
13,17,GA,Ben_Hill_County,30776
13,19,GA,Berrien_County,35518
13,21,GA,Bibb_County,38870
13,23,GA,Bleckley_County,42716
13,25,GA,Brantley_County,37709
13,27,GA,Brooks_County,36820
13,29,GA,Bryan_County,69650
13,31,GA,Bulloch_County,36544
13,33,GA,Burke_County,36977
13,35,GA,Butts_County,44166
13,37,GA,Calhoun_County,30972
13,39,GA,Camden_County,52706
13,43,GA,Candler_County,32806
13,45,GA,Carroll_County,45453
13,47,GA,Catoosa_County,50979
13,49,GA,Charlton_County,37037
13,51,GA,Chatham_County,48885
13,53,GA,Chattahoochee_County,41066
13,55,GA,Chattooga_County,38063
13,57,GA,Cherokee_County,74885
13,59,GA,Clarke_County,33302
13,61,GA,Clay_County,25941
13,63,GA,Clayton_County,41731
13,65,GA,Clinch_County,31848
13,67,GA,Cobb_County,70097
13,69,GA,Coffee_County,34775
13,71,GA,Colquitt_County,34151
13,73,GA,Columbia_County,75232
13,75,GA,Cook_County,34505
13,77,GA,Coweta_County,67268
13,79,GA,Crawford_County,43559
13,81,GA,Crisp_County,31095
13,83,GA,Dade_County,43632
13,85,GA,Dawson_County,60195
13,87,GA,Decatur_County,37661
13,89,GA,DeKalb_County,53994
13,91,GA,Dodge_County,34611
13,93,GA,Dooly_County,32323
13,95,GA,Dougherty_County,34799
13,97,GA,Douglas_County,58443
13,99,GA,Early_County,31935
13,101,GA,Echols_County,34414
13,103,GA,Effingham_County,63255
13,105,GA,Elbert_County,35814
13,107,GA,Emanuel_County,31772
13,109,GA,Evans_County,34085
13,111,GA,Fannin_County,39796
13,113,GA,Fayette_County,80588
13,115,GA,Floyd_County,41130
13,117,GA,Forsyth_County,97886
13,119,GA,Franklin_County,40156
13,121,GA,Fulton_County,59911
13,123,GA,Gilmer_County,43907
13,125,GA,Glascock_County,40732
13,127,GA,Glynn_County,46377
13,129,GA,Gordon_County,44580
13,131,GA,Grady_County,36486
13,133,GA,Greene_County,43326
13,135,GA,Gwinnett_County,61797
13,137,GA,Habersham_County,44400
13,139,GA,Hall_County,54578
13,141,GA,Hancock_County,28328
13,143,GA,Haralson_County,41167
13,145,GA,Harris_County,65887
13,147,GA,Hart_County,39567
13,149,GA,Heard_County,41514
13,151,GA,Henry_County,65437
13,153,GA,Houston_County,55860
13,155,GA,Irwin_County,35284
13,157,GA,Jackson_County,56102
13,159,GA,Jasper_County,46398
13,161,GA,Jeff_Davis_County,36186
13,163,GA,Jefferson_County,32023
13,165,GA,Jenkins_County,29924
13,167,GA,Johnson_County,30794
13,169,GA,Jones_County,52777
13,171,GA,Lamar_County,42177
13,173,GA,Lanier_County,37616
13,175,GA,Laurens_County,36960
13,177,GA,Lee_County,68636
13,179,GA,Liberty_County,39612
13,181,GA,Lincoln_County,39089
13,183,GA,Long_County,42542
13,185,GA,Lowndes_County,37699
13,187,GA,Lumpkin_County,48101
13,189,GA,McDuffie_County,36346
13,191,GA,McIntosh_County,38770
13,193,GA,Macon_County,30696
13,195,GA,Madison_County,40735
13,197,GA,Marion_County,35265
13,199,GA,Meriwether_County,37866
13,201,GA,Miller_County,35357
13,205,GA,Mitchell_County,34139
13,207,GA,Monroe_County,53070
13,209,GA,Montgomery_County,36821
13,211,GA,Morgan_County,51081
13,213,GA,Murray_County,43142
13,215,GA,Muscogee_County,41828
13,217,GA,Newton_County,51177
13,219,GA,Oconee_County,76371
13,221,GA,Oglethorpe_County,43428
13,223,GA,Paulding_County,62658
13,225,GA,Peach_County,41725
13,227,GA,Pickens_County,56289
13,229,GA,Pierce_County,39648
13,231,GA,Pike_County,56233
13,233,GA,Polk_County,39402
13,235,GA,Pulaski_County,39209
13,237,GA,Putnam_County,44323
13,239,GA,Quitman_County,29921
13,241,GA,Rabun_County,40834
13,243,GA,Randolph_County,30505
13,245,GA,Richmond_County,40821
13,247,GA,Rockdale_County,51510
13,249,GA,Schley_County,41737
13,251,GA,Screven_County,35911
13,253,GA,Seminole_County,31615
13,255,GA,Spalding_County,41250
13,257,GA,Stephens_County,38503
13,259,GA,Stewart_County,28977
13,261,GA,Sumter_County,33802
13,263,GA,Talbot_County,33510
13,265,GA,Taliaferro_County,28952
13,267,GA,Tattnall_County,37163
13,269,GA,Taylor_County,32041
13,271,GA,Telfair_County,31149
13,273,GA,Terrell_County,32342
13,275,GA,Thomas_County,40449
13,277,GA,Tift_County,39988
13,279,GA,Toombs_County,34953
13,281,GA,Towns_County,39782
13,283,GA,Treutlen_County,32086
13,285,GA,Troup_County,41289
13,287,GA,Turner_County,35117
13,289,GA,Twiggs_County,36086
13,291,GA,Union_County,42782
13,293,GA,Upson_County,37864
13,295,GA,Walker_County,42249
13,297,GA,Walton_County,57312
13,299,GA,Ware_County,35270
13,301,GA,Warren_County,32350
13,303,GA,Washington_County,36499
13,305,GA,Wayne_County,41466
13,307,GA,Webster_County,35770
13,309,GA,Wheeler_County,30926
13,311,GA,White_County,43598
13,313,GA,Whitfield_County,45921
13,315,GA,Wilcox_County,32480
13,317,GA,Wilkes_County,34031
13,319,GA,Wilkinson_County,38103
13,321,GA,Worth_County,39560
15,0,HI,Hawaii,73097
15,1,HI,Hawaii_County,54914
15,3,HI,Honolulu_County,76544
15,5,HI,Kalawao_County,.
15,7,HI,Kauai_County,70122
15,9,HI,Maui_County,68684
16,0,ID,Idaho,48311
16,1,ID,Ada_County,58431
16,3,ID,Adams_County,39943
16,5,ID,Bannock_County,43298
16,7,ID,Bear_Lake_County,48309
16,9,ID,Benewah_County,41368
16,11,ID,Bingham_County,49644
16,13,ID,Blaine_County,65272
16,15,ID,Boise_County,52728
16,17,ID,Bonner_County,44072
16,19,ID,Bonneville_County,54008
16,21,ID,Boundary_County,41803
16,23,ID,Butte_County,43780
16,25,ID,Camas_County,46203
16,27,ID,Canyon_County,44585
16,29,ID,Caribou_County,57017
16,31,ID,Cassia_County,47932
16,33,ID,Clark_County,40098
16,35,ID,Clearwater_County,42630
16,37,ID,Custer_County,45801
16,39,ID,Elmore_County,44509
16,41,ID,Franklin_County,53901
16,43,ID,Fremont_County,49555
16,45,ID,Gem_County,44017
16,47,ID,Gooding_County,48950
16,49,ID,Idaho_County,41157
16,51,ID,Jefferson_County,53555
16,53,ID,Jerome_County,47034
16,55,ID,Kootenai_County,48864
16,57,ID,Latah_County,46360
16,59,ID,Lemhi_County,40087
16,61,ID,Lewis_County,41688
16,63,ID,Lincoln_County,46168
16,65,ID,Madison_County,38065
16,67,ID,Minidoka_County,45429
16,69,ID,Nez_Perce_County,50939
16,71,ID,Oneida_County,47037
16,73,ID,Owyhee_County,39738
16,75,ID,Payette_County,44499
16,77,ID,Power_County,44004
16,79,ID,Shoshone_County,37497
16,81,ID,Teton_County,58013
16,83,ID,Twin_Falls_County,45799
16,85,ID,Valley_County,51774
16,87,ID,Washington_County,38592
17,0,IL,Illinois,59590
17,1,IL,Adams_County,47264
17,3,IL,Alexander_County,32922
17,5,IL,Bond_County,50206
17,7,IL,Boone_County,62382
17,9,IL,Brown_County,53516
17,11,IL,Bureau_County,51275
17,13,IL,Calhoun_County,51109
17,15,IL,Carroll_County,50432
17,17,IL,Cass_County,46647
17,19,IL,Champaign_County,50813
17,21,IL,Christian_County,49041
17,23,IL,Clark_County,50700
17,25,IL,Clay_County,43577
17,27,IL,Clinton_County,64030
17,29,IL,Coles_County,42613
17,31,IL,Cook_County,56841
17,33,IL,Crawford_County,49856
17,35,IL,Cumberland_County,51505
17,37,IL,DeKalb_County,56874
17,39,IL,De_Witt_County,54796
17,41,IL,Douglas_County,53213
17,43,IL,DuPage_County,81616
17,45,IL,Edgar_County,50306
17,47,IL,Edwards_County,48329
17,49,IL,Effingham_County,53077
17,51,IL,Fayette_County,41838
17,53,IL,Ford_County,53151
17,55,IL,Franklin_County,43428
17,57,IL,Fulton_County,44649
17,59,IL,Gallatin_County,40817
17,61,IL,Greene_County,43943
17,63,IL,Grundy_County,71928
17,65,IL,Hamilton_County,45926
17,67,IL,Hancock_County,48213
17,69,IL,Hardin_County,39128
17,71,IL,Henderson_County,47354
17,73,IL,Henry_County,58983
17,75,IL,Iroquois_County,49836
17,77,IL,Jackson_County,36613
17,79,IL,Jasper_County,52608
17,81,IL,Jefferson_County,46460
17,83,IL,Jersey_County,53864
17,85,IL,Jo_Daviess_County,51201
17,87,IL,Johnson_County,46838
17,89,IL,Kane_County,70502
17,91,IL,Kankakee_County,53227
17,93,IL,Kendall_County,88773
17,95,IL,Knox_County,43796
17,97,IL,Lake_County,82160
17,99,IL,La_Salle_County,52316
17,101,IL,Lawrence_County,43268
17,103,IL,Lee_County,52581
17,105,IL,Livingston_County,55474
17,107,IL,Logan_County,58191
17,109,IL,McDonough_County,42453
17,111,IL,McHenry_County,80513
17,113,IL,McLean_County,65766
17,115,IL,Macon_County,48302
17,117,IL,Macoupin_County,50460
17,119,IL,Madison_County,52969
17,121,IL,Marion_County,43018
17,123,IL,Marshall_County,53610
17,125,IL,Mason_County,43743
17,127,IL,Massac_County,41548
17,129,IL,Menard_County,64706
17,131,IL,Mercer_County,57934
17,133,IL,Monroe_County,79686
17,135,IL,Montgomery_County,46006
17,137,IL,Morgan_County,45259
17,139,IL,Moultrie_County,58975
17,141,IL,Ogle_County,57268
17,143,IL,Peoria_County,53781
17,145,IL,Perry_County,46598
17,147,IL,Piatt_County,65122
17,149,IL,Pike_County,45106
17,151,IL,Pope_County,41150
17,153,IL,Pulaski_County,35135
17,155,IL,Putnam_County,60590
17,157,IL,Randolph_County,50129
17,159,IL,Richland_County,43332
17,161,IL,Rock_Island_County,50419
17,163,IL,St._Clair_County,50416
17,165,IL,Saline_County,40873
17,167,IL,Sangamon_County,57591
17,169,IL,Schuyler_County,50720
17,171,IL,Scott_County,50474
17,173,IL,Shelby_County,49633
17,175,IL,Stark_County,50083
17,177,IL,Stephenson_County,46430
17,179,IL,Tazewell_County,57747
17,181,IL,Union_County,44221
17,183,IL,Vermilion_County,44705
17,185,IL,Wabash_County,51224
17,187,IL,Warren_County,46189
17,189,IL,Washington_County,57019
17,191,IL,Wayne_County,47995
17,193,IL,White_County,46588
17,195,IL,Whiteside_County,45463
17,197,IL,Will_County,76293
17,199,IL,Williamson_County,47678
17,201,IL,Winnebago_County,50024
17,203,IL,Woodford_County,68233
18,0,IN,Indiana,50510
18,1,IN,Adams_County,49251
18,3,IN,Allen_County,50017
18,5,IN,Bartholomew_County,55580
18,7,IN,Benton_County,50754
18,9,IN,Blackford_County,39611
18,11,IN,Boone_County,75163
18,13,IN,Brown_County,53801
18,15,IN,Carroll_County,52550
18,17,IN,Cass_County,45575
18,19,IN,Clark_County,51614
18,21,IN,Clay_County,48947
18,23,IN,Clinton_County,50342
18,25,IN,Crawford_County,41331
18,27,IN,Daviess_County,47019
18,29,IN,Dearborn_County,64093
18,31,IN,Decatur_County,51625
18,33,IN,De_Kalb_County,52382
18,35,IN,Delaware_County,40633
18,37,IN,Dubois_County,57336
18,39,IN,Elkhart_County,50117
18,41,IN,Fayette_County,42538
18,43,IN,Floyd_County,57367
18,45,IN,Fountain_County,51108
18,47,IN,Franklin_County,53263
18,49,IN,Fulton_County,51660
18,51,IN,Gibson_County,53483
18,53,IN,Grant_County,39984
18,55,IN,Greene_County,47952
18,57,IN,Hamilton_County,91844
18,59,IN,Hancock_County,70277
18,61,IN,Harrison_County,53719
18,63,IN,Hendricks_County,73478
18,65,IN,Henry_County,47954
18,67,IN,Howard_County,47390
18,69,IN,Huntington_County,49103
18,71,IN,Jackson_County,45504
18,73,IN,Jasper_County,60195
18,75,IN,Jay_County,42646
18,77,IN,Jefferson_County,47841
18,79,IN,Jennings_County,46047
18,81,IN,Johnson_County,68256
18,83,IN,Knox_County,42818
18,85,IN,Kosciusko_County,54147
18,87,IN,Lagrange_County,56662
18,89,IN,Lake_County,50613
18,91,IN,La_Porte_County,47401
18,93,IN,Lawrence_County,46890
18,95,IN,Madison_County,45065
18,97,IN,Marion_County,41407
18,99,IN,Marshall_County,49714
18,101,IN,Martin_County,47717
18,103,IN,Miami_County,46968
18,105,IN,Monroe_County,45341
18,107,IN,Montgomery_County,49425
18,109,IN,Morgan_County,58376
18,111,IN,Newton_County,48316
18,113,IN,Noble_County,51876
18,115,IN,Ohio_County,53177
18,117,IN,Orange_County,40918
18,119,IN,Owen_County,43731
18,121,IN,Parke_County,43637
18,123,IN,Perry_County,47192
18,125,IN,Pike_County,47324
18,127,IN,Porter_County,66070
18,129,IN,Posey_County,58298
18,131,IN,Pulaski_County,47455
18,133,IN,Putnam_County,53910
18,135,IN,Randolph_County,41315
18,137,IN,Ripley_County,51553
18,139,IN,Rush_County,48970
18,141,IN,St._Joseph_County,46881
18,143,IN,Scott_County,43104
18,145,IN,Shelby_County,54639
18,147,IN,Spencer_County,56451
18,149,IN,Starke_County,48106
18,151,IN,Steuben_County,53191
18,153,IN,Sullivan_County,44939
18,155,IN,Switzerland_County,46344
18,157,IN,Tippecanoe_County,50170
18,159,IN,Tipton_County,56292
18,161,IN,Union_County,45050
18,163,IN,Vanderburgh_County,43823
18,165,IN,Vermillion_County,44376
18,167,IN,Vigo_County,39635
18,169,IN,Wabash_County,48223
18,171,IN,Warren_County,57768
18,173,IN,Warrick_County,66461
18,175,IN,Washington_County,43498
18,177,IN,Wayne_County,41849
18,179,IN,Wells_County,55987
18,181,IN,White_County,50370
18,183,IN,Whitley_County,56142
19,0,IA,Iowa,54843
19,1,IA,Adair_County,51531
19,3,IA,Adams_County,48162
19,5,IA,Allamakee_County,47756
19,7,IA,Appanoose_County,41018
19,9,IA,Audubon_County,50948
19,11,IA,Benton_County,65127
19,13,IA,Black_Hawk_County,50335
19,15,IA,Boone_County,58010
19,17,IA,Bremer_County,65295
19,19,IA,Buchanan_County,55848
19,21,IA,Buena_Vista_County,51991
19,23,IA,Butler_County,54947
19,25,IA,Calhoun_County,49206
19,27,IA,Carroll_County,58575
19,29,IA,Cass_County,45915
19,31,IA,Cedar_County,60120
19,33,IA,Cerro_Gordo_County,50208
19,35,IA,Cherokee_County,52879
19,37,IA,Chickasaw_County,57559
19,39,IA,Clarke_County,49424
19,41,IA,Clay_County,52584
19,43,IA,Clayton_County,48598
19,45,IA,Clinton_County,52945
19,47,IA,Crawford_County,51834
19,49,IA,Dallas_County,81381
19,51,IA,Davis_County,49851
19,53,IA,Decatur_County,39424
19,55,IA,Delaware_County,59260
19,57,IA,Des_Moines_County,50125
19,59,IA,Dickinson_County,56869
19,61,IA,Dubuque_County,57862
19,63,IA,Emmet_County,46092
19,65,IA,Fayette_County,47615
19,67,IA,Floyd_County,49111
19,69,IA,Franklin_County,52975
19,71,IA,Fremont_County,55421
19,73,IA,Greene_County,51002
19,75,IA,Grundy_County,62423
19,77,IA,Guthrie_County,54719
19,79,IA,Hamilton_County,54042
19,81,IA,Hancock_County,56746
19,83,IA,Hardin_County,50947
19,85,IA,Harrison_County,57244
19,87,IA,Henry_County,50241
19,89,IA,Howard_County,50602
19,91,IA,Humboldt_County,52702
19,93,IA,Ida_County,53804
19,95,IA,Iowa_County,63185
19,97,IA,Jackson_County,49956
19,99,IA,Jasper_County,53765
19,101,IA,Jefferson_County,43495
19,103,IA,Johnson_County,57706
19,105,IA,Jones_County,55789
19,107,IA,Keokuk_County,50054
19,109,IA,Kossuth_County,52433
19,111,IA,Lee_County,45428
19,113,IA,Linn_County,58142
19,115,IA,Louisa_County,53197
19,117,IA,Lucas_County,46933
19,119,IA,Lyon_County,64057
19,121,IA,Madison_County,65294
19,123,IA,Mahaska_County,50335
19,125,IA,Marion_County,57411
19,127,IA,Marshall_County,53980
19,129,IA,Mills_County,62507
19,131,IA,Mitchell_County,61352
19,133,IA,Monona_County,43991
19,135,IA,Monroe_County,48181
19,137,IA,Montgomery_County,43210
19,139,IA,Muscatine_County,53401
19,141,IA,O'Brien_County,53907
19,143,IA,Osceola_County,54415
19,145,IA,Page_County,46870
19,147,IA,Palo_Alto_County,48992
19,149,IA,Plymouth_County,61929
19,151,IA,Pocahontas_County,47872
19,153,IA,Polk_County,60436
19,155,IA,Pottawattamie_County,52927
19,157,IA,Poweshiek_County,52861
19,159,IA,Ringgold_County,45870
19,161,IA,Sac_County,52506
19,163,IA,Scott_County,58160
19,165,IA,Shelby_County,54614
19,167,IA,Sioux_County,62875
19,169,IA,Story_County,51706
19,171,IA,Tama_County,59226
19,173,IA,Taylor_County,46466
19,175,IA,Union_County,45010
19,177,IA,Van_Buren_County,43653
19,179,IA,Wapello_County,44738
19,181,IA,Warren_County,67728
19,183,IA,Washington_County,55283
19,185,IA,Wayne_County,44381
19,187,IA,Webster_County,44922
19,189,IA,Winnebago_County,48408
19,191,IA,Winneshiek_County,59096
19,193,IA,Woodbury_County,50774
19,195,IA,Worth_County,50761
19,197,IA,Wright_County,49882
20,0,KS,Kansas,53802
20,1,KS,Allen_County,41604
20,3,KS,Anderson_County,47267
20,5,KS,Atchison_County,46110
20,7,KS,Barber_County,54176
20,9,KS,Barton_County,50558
20,11,KS,Bourbon_County,39609
20,13,KS,Brown_County,46884
20,15,KS,Butler_County,61473
20,17,KS,Chase_County,48911
20,19,KS,Chautauqua_County,42324
20,21,KS,Cherokee_County,39842
20,23,KS,Cheyenne_County,44111
20,25,KS,Clark_County,50392
20,27,KS,Clay_County,51351
20,29,KS,Cloud_County,42730
20,31,KS,Coffey_County,57160
20,33,KS,Comanche_County,43809
20,35,KS,Cowley_County,47851
20,37,KS,Crawford_County,38139
20,39,KS,Decatur_County,43919
20,41,KS,Dickinson_County,47570
20,43,KS,Doniphan_County,47000
20,45,KS,Douglas_County,52447
20,47,KS,Edwards_County,46380
20,49,KS,Elk_County,39147
20,51,KS,Ellis_County,49192
20,53,KS,Ellsworth_County,49986
20,55,KS,Finney_County,53245
20,57,KS,Ford_County,47915
20,59,KS,Franklin_County,51484
20,61,KS,Geary_County,45590
20,63,KS,Gove_County,46580
20,65,KS,Graham_County,45018
20,67,KS,Grant_County,59218
20,69,KS,Gray_County,64284
20,71,KS,Greeley_County,44667
20,73,KS,Greenwood_County,41168
20,75,KS,Hamilton_County,50056
20,77,KS,Harper_County,46869
20,79,KS,Harvey_County,55470
20,81,KS,Haskell_County,59356
20,83,KS,Hodgeman_County,54513
20,85,KS,Jackson_County,51662
20,87,KS,Jefferson_County,59080
20,89,KS,Jewell_County,43201
20,91,KS,Johnson_County,83007
20,93,KS,Kearny_County,59134
20,95,KS,Kingman_County,52907
20,97,KS,Kiowa_County,46381
20,99,KS,Labette_County,42323
20,101,KS,Lane_County,57388
20,103,KS,Leavenworth_County,61465
20,105,KS,Lincoln_County,42277
20,107,KS,Linn_County,46065
20,109,KS,Logan_County,48399
20,111,KS,Lyon_County,39562
20,113,KS,McPherson_County,61356
20,115,KS,Marion_County,51196
20,117,KS,Marshall_County,49270
20,119,KS,Meade_County,56325
20,121,KS,Miami_County,62375
20,123,KS,Mitchell_County,48310
20,125,KS,Montgomery_County,43289
20,127,KS,Morris_County,49720
20,129,KS,Morton_County,53443
20,131,KS,Nemaha_County,54486
20,133,KS,Neosho_County,40744
20,135,KS,Ness_County,53456
20,137,KS,Norton_County,45096
20,139,KS,Osage_County,48364
20,141,KS,Osborne_County,43518
20,143,KS,Ottawa_County,50302
20,145,KS,Pawnee_County,47359
20,147,KS,Phillips_County,46984
20,149,KS,Pottawatomie_County,60601
20,151,KS,Pratt_County,52634
20,153,KS,Rawlins_County,47448
20,155,KS,Reno_County,47178
20,157,KS,Republic_County,44593
20,159,KS,Rice_County,52400
20,161,KS,Riley_County,46690
20,163,KS,Rooks_County,45309
20,165,KS,Rush_County,43895
20,167,KS,Russell_County,42625
20,169,KS,Saline_County,47052
20,171,KS,Scott_County,56267
20,173,KS,Sedgwick_County,50995
20,175,KS,Seward_County,45807
20,177,KS,Shawnee_County,51316
20,179,KS,Sheridan_County,51221
20,181,KS,Sherman_County,42491
20,183,KS,Smith_County,43872
20,185,KS,Stafford_County,47129
20,187,KS,Stanton_County,55341
20,189,KS,Stevens_County,59735
20,191,KS,Sumner_County,51451
20,193,KS,Thomas_County,50574
20,195,KS,Trego_County,48576
20,197,KS,Wabaunsee_County,57339
20,199,KS,Wallace_County,48426
20,201,KS,Washington_County,46153
20,203,KS,Wichita_County,52917
20,205,KS,Wilson_County,41461
20,207,KS,Woodson_County,37394
20,209,KS,Wyandotte_County,41746
21,0,KY,Kentucky,45178
21,1,KY,Adair_County,32007
21,3,KY,Allen_County,42287
21,5,KY,Anderson_County,55523
21,7,KY,Ballard_County,44352
21,9,KY,Barren_County,40017
21,11,KY,Bath_County,35143
21,13,KY,Bell_County,23968
21,15,KY,Boone_County,68804
21,17,KY,Bourbon_County,46370
21,19,KY,Boyd_County,43406
21,21,KY,Boyle_County,40459
21,23,KY,Bracken_County,44846
21,25,KY,Breathitt_County,28196
21,27,KY,Breckinridge_County,42347
21,29,KY,Bullitt_County,54755
21,31,KY,Butler_County,39545
21,33,KY,Caldwell_County,39355
21,35,KY,Calloway_County,40585
21,37,KY,Campbell_County,51694
21,39,KY,Carlisle_County,43144
21,41,KY,Carroll_County,46499
21,43,KY,Carter_County,37204
21,45,KY,Casey_County,33576
21,47,KY,Christian_County,39840
21,49,KY,Clark_County,54812
21,51,KY,Clay_County,24001
21,53,KY,Clinton_County,29178
21,55,KY,Crittenden_County,40202
21,57,KY,Cumberland_County,30989
21,59,KY,Daviess_County,48724
21,61,KY,Edmonson_County,38673
21,63,KY,Elliott_County,30299
21,65,KY,Estill_County,32541
21,67,KY,Fayette_County,51963
21,69,KY,Fleming_County,47030
21,71,KY,Floyd_County,30888
21,73,KY,Franklin_County,50471
21,75,KY,Fulton_County,30798
21,77,KY,Gallatin_County,47679
21,79,KY,Garrard_County,45018
21,81,KY,Grant_County,45307
21,83,KY,Graves_County,39515
21,85,KY,Grayson_County,37057
21,87,KY,Green_County,36226
21,89,KY,Greenup_County,45690
21,91,KY,Hancock_County,52929
21,93,KY,Hardin_County,49637
21,95,KY,Harlan_County,27425
21,97,KY,Harrison_County,47040
21,99,KY,Hart_County,34764
21,101,KY,Henderson_County,45718
21,103,KY,Henry_County,47802
21,105,KY,Hickman_County,40890
21,107,KY,Hopkins_County,44750
21,109,KY,Jackson_County,30565
21,111,KY,Jefferson_County,51230
21,113,KY,Jessamine_County,49839
21,115,KY,Johnson_County,36051
21,117,KY,Kenton_County,52631
21,119,KY,Knott_County,30138
21,121,KY,Knox_County,28578
21,123,KY,Larue_County,40202
21,125,KY,Laurel_County,37737
21,127,KY,Lawrence_County,36276
21,129,KY,Lee_County,26201
21,131,KY,Leslie_County,28722
21,133,KY,Letcher_County,31079
21,135,KY,Lewis_County,33867
21,137,KY,Lincoln_County,37220
21,139,KY,Livingston_County,44551
21,141,KY,Logan_County,43795
21,143,KY,Lyon_County,48189
21,145,KY,McCracken_County,47184
21,147,KY,McCreary_County,25655
21,149,KY,McLean_County,44007
21,151,KY,Madison_County,46342
21,153,KY,Magoffin_County,29921
21,155,KY,Marion_County,41189
21,157,KY,Marshall_County,49771
21,159,KY,Martin_County,29198
21,161,KY,Mason_County,37071
21,163,KY,Meade_County,51111
21,165,KY,Menifee_County,34299
21,167,KY,Mercer_County,46346
21,169,KY,Metcalfe_County,32654
21,171,KY,Monroe_County,31603
21,173,KY,Montgomery_County,42468
21,175,KY,Morgan_County,31489
21,177,KY,Muhlenberg_County,40272
21,179,KY,Nelson_County,51843
21,181,KY,Nicholas_County,37267
21,183,KY,Ohio_County,40661
21,185,KY,Oldham_County,84415
21,187,KY,Owen_County,43686
21,189,KY,Owsley_County,23341
21,191,KY,Pendleton_County,49345
21,193,KY,Perry_County,31740
21,195,KY,Pike_County,34315
21,197,KY,Powell_County,34510
21,199,KY,Pulaski_County,40702
21,201,KY,Robertson_County,40027
21,203,KY,Rockcastle_County,33293
21,205,KY,Rowan_County,36597
21,207,KY,Russell_County,31968
21,209,KY,Scott_County,63775
21,211,KY,Shelby_County,60189
21,213,KY,Simpson_County,45496
21,215,KY,Spencer_County,68147
21,217,KY,Taylor_County,35700
21,219,KY,Todd_County,40963
21,221,KY,Trigg_County,45106
21,223,KY,Trimble_County,48392
21,225,KY,Union_County,45239
21,227,KY,Warren_County,45964
21,229,KY,Washington_County,45143
21,231,KY,Wayne_County,29826
21,233,KY,Webster_County,44245
21,235,KY,Whitley_County,31903
21,237,KY,Wolfe_County,27196
21,239,KY,Woodford_County,57862
22,0,LA,Louisiana,45829
22,1,LA,Acadia_Parish,42033
22,3,LA,Allen_Parish,42120
22,5,LA,Ascension_Parish,74852
22,7,LA,Assumption_Parish,48516
22,9,LA,Avoyelles_Parish,34803
22,11,LA,Beauregard_Parish,48206
22,13,LA,Bienville_Parish,34565
22,15,LA,Bossier_Parish,55403
22,17,LA,Caddo_Parish,41081
22,19,LA,Calcasieu_Parish,46523
22,21,LA,Caldwell_Parish,38564
22,23,LA,Cameron_Parish,56259
22,25,LA,Catahoula_Parish,33958
22,27,LA,Claiborne_Parish,33740
22,29,LA,Concordia_Parish,33068
22,31,LA,De_Soto_Parish,41691
22,33,LA,East_Baton_Rouge_Parish,50389
22,35,LA,East_Carroll_Parish,26325
22,37,LA,East_Feliciana_Parish,43105
22,39,LA,Evangeline_Parish,33407
22,41,LA,Franklin_Parish,33845
22,43,LA,Grant_Parish,43437
22,45,LA,Iberia_Parish,45039
22,47,LA,Iberville_Parish,42000
22,49,LA,Jackson_Parish,41029
22,51,LA,Jefferson_Parish,49503
22,53,LA,Jefferson_Davis_Parish,43677
22,55,LA,Lafayette_Parish,52411
22,57,LA,Lafourche_Parish,53482
22,59,LA,La_Salle_Parish,46258
22,61,LA,Lincoln_Parish,38118
22,63,LA,Livingston_Parish,58774
22,65,LA,Madison_Parish,27225
22,67,LA,Morehouse_Parish,31777
22,69,LA,Natchitoches_Parish,33786
22,71,LA,Orleans_Parish,38640
22,73,LA,Ouachita_Parish,38453
22,75,LA,Plaquemines_Parish,49122
22,77,LA,Pointe_Coupee_Parish,42919
22,79,LA,Rapides_Parish,42758
22,81,LA,Red_River_Parish,41742
22,83,LA,Richland_Parish,34588
22,85,LA,Sabine_Parish,42196
22,87,LA,St._Bernard_Parish,41540
22,89,LA,St._Charles_Parish,61601
22,91,LA,St._Helena_Parish,36602
22,93,LA,St._James_Parish,52258
22,95,LA,St._John_the_Baptist_Parish,50596
22,97,LA,St._Landry_Parish,33503
22,99,LA,St._Martin_Parish,45435
22,101,LA,St._Mary_Parish,40945
22,103,LA,St._Tammany_Parish,63499
22,105,LA,Tangipahoa_Parish,41768
22,107,LA,Tensas_Parish,27077
22,109,LA,Terrebonne_Parish,44450
22,111,LA,Union_Parish,38741
22,113,LA,Vermilion_Parish,46807
22,115,LA,Vernon_Parish,44733
22,117,LA,Washington_Parish,33453
22,119,LA,Webster_Parish,34566
22,121,LA,West_Baton_Rouge_Parish,55074
22,123,LA,West_Carroll_Parish,35484
22,125,LA,West_Feliciana_Parish,56680
22,127,LA,Winn_Parish,36173
23,0,ME,Maine,51419
23,1,ME,Androscoggin_County,48930
23,3,ME,Aroostook_County,37104
23,5,ME,Cumberland_County,63191
23,7,ME,Franklin_County,42859
23,9,ME,Hancock_County,48601
23,11,ME,Kennebec_County,50408
23,13,ME,Knox_County,47489
23,15,ME,Lincoln_County,50152
23,17,ME,Oxford_County,42674
23,19,ME,Penobscot_County,44647
23,21,ME,Piscataquis_County,36463
23,23,ME,Sagadahoc_County,55645
23,25,ME,Somerset_County,40165
23,27,ME,Waldo_County,43198
23,29,ME,Washington_County,35576
23,31,ME,York_County,61340
24,0,MD,Maryland,75784
24,1,MD,Allegany_County,39859
24,3,MD,Anne_Arundel_County,90825
24,5,MD,Baltimore_County,68317
24,9,MD,Calvert_County,98937
24,11,MD,Caroline_County,51294
24,13,MD,Carroll_County,84506
24,15,MD,Cecil_County,68972
24,17,MD,Charles_County,87941
24,19,MD,Dorchester_County,44664
24,21,MD,Frederick_County,83746
24,23,MD,Garrett_County,46469
24,25,MD,Harford_County,77992
24,27,MD,Howard_County,110224
24,29,MD,Kent_County,52274
24,31,MD,Montgomery_County,98314
24,33,MD,Prince_George's_County,76366
24,35,MD,Queen_Anne's_County,83914
24,37,MD,St._Mary's_County,83148
24,39,MD,Somerset_County,38692
24,41,MD,Talbot_County,62018
24,43,MD,Washington_County,55270
24,45,MD,Wicomico_County,52153
24,47,MD,Worcester_County,53366
24,510,MD,Baltimore_city,43192
25,0,MA,Massachusetts,70659
25,1,MA,Barnstable_County,65735
25,3,MA,Berkshire_County,50646
25,5,MA,Bristol_County,59839
25,7,MA,Dukes_County,64456
25,9,MA,Essex_County,68237
25,11,MA,Franklin_County,57325
25,13,MA,Hampden_County,51415
25,15,MA,Hampshire_County,60853
25,17,MA,Middlesex_County,90025
25,19,MA,Nantucket_County,86014
25,21,MA,Norfolk_County,93187
25,23,MA,Plymouth_County,74736
25,25,MA,Suffolk_County,56530
25,27,MA,Worcester_County,65621
26,0,MI,Michigan,51063
26,1,MI,Alcona_County,37618
26,3,MI,Alger_County,43341
26,5,MI,Allegan_County,55611
26,7,MI,Alpena_County,40665
26,9,MI,Antrim_County,49118
26,11,MI,Arenac_County,37120
26,13,MI,Baraga_County,42389
26,15,MI,Barry_County,57665
26,17,MI,Bay_County,46256
26,19,MI,Benzie_County,48127
26,21,MI,Berrien_County,46588
26,23,MI,Branch_County,47146
26,25,MI,Calhoun_County,43864
26,27,MI,Cass_County,49889
26,29,MI,Charlevoix_County,48267
26,31,MI,Cheboygan_County,41036
26,33,MI,Chippewa_County,42473
26,35,MI,Clare_County,33250
26,37,MI,Clinton_County,65051
26,39,MI,Crawford_County,40907
26,41,MI,Delta_County,43020
26,43,MI,Dickinson_County,47616
26,45,MI,Eaton_County,56760
26,47,MI,Emmet_County,49774
26,49,MI,Genesee_County,44181
26,51,MI,Gladwin_County,40746
26,53,MI,Gogebic_County,38416
26,55,MI,Grand_Traverse_County,54874
26,57,MI,Gratiot_County,42800
26,59,MI,Hillsdale_County,46786
26,61,MI,Houghton_County,41775
26,63,MI,Huron_County,45917
26,65,MI,Ingham_County,47470
26,67,MI,Ionia_County,51013
26,69,MI,Iosco_County,39874
26,71,MI,Iron_County,36570
26,73,MI,Isabella_County,41957
26,75,MI,Jackson_County,50683
26,77,MI,Kalamazoo_County,52252
26,79,MI,Kalkaska_County,42829
26,81,MI,Kent_County,54550
26,83,MI,Keweenaw_County,40862
26,85,MI,Lake_County,32971
26,87,MI,Lapeer_County,57774
26,89,MI,Leelanau_County,61397
26,91,MI,Lenawee_County,49013
26,93,MI,Livingston_County,76934
26,95,MI,Luce_County,41870
26,97,MI,Mackinac_County,40091
26,99,MI,Macomb_County,54939
26,101,MI,Manistee_County,41811
26,103,MI,Marquette_County,48108
26,105,MI,Mason_County,43620
26,107,MI,Mecosta_County,41755
26,109,MI,Menominee_County,42591
26,111,MI,Midland_County,59248
26,113,MI,Missaukee_County,42836
26,115,MI,Monroe_County,56161
26,117,MI,Montcalm_County,41728
26,119,MI,Montmorency_County,37153
26,121,MI,Muskegon_County,46709
26,123,MI,Newaygo_County,45086
26,125,MI,Oakland_County,70150
26,127,MI,Oceana_County,43211
26,129,MI,Ogemaw_County,37057
26,131,MI,Ontonagon_County,37508
26,133,MI,Osceola_County,41782
26,135,MI,Oscoda_County,36724
26,137,MI,Otsego_County,50420
26,139,MI,Ottawa_County,61429
26,141,MI,Presque_Isle_County,41658
26,143,MI,Roscommon_County,38516
26,145,MI,Saginaw_County,43344
26,147,MI,St._Clair_County,51183
26,149,MI,St._Joseph_County,46667
26,151,MI,Sanilac_County,41861
26,153,MI,Schoolcraft_County,36741
26,155,MI,Shiawassee_County,50807
26,157,MI,Tuscola_County,45800
26,159,MI,Van_Buren_County,47806
26,161,MI,Washtenaw_County,62401
26,163,MI,Wayne_County,41585
26,165,MI,Wexford_County,42922
27,0,MN,Minnesota,63459
27,1,MN,Aitkin_County,43817
27,3,MN,Anoka_County,73276
27,5,MN,Becker_County,54304
27,7,MN,Beltrami_County,46031
27,9,MN,Benton_County,52513
27,11,MN,Big_Stone_County,47583
27,13,MN,Blue_Earth_County,49664
27,15,MN,Brown_County,56330
27,17,MN,Carlton_County,54945
27,19,MN,Carver_County,93857
27,21,MN,Cass_County,47645
27,23,MN,Chippewa_County,50896
27,25,MN,Chisago_County,70036
27,27,MN,Clay_County,60417
27,29,MN,Clearwater_County,42689
27,31,MN,Cook_County,50350
27,33,MN,Cottonwood_County,49448
27,35,MN,Crow_Wing_County,50755
27,37,MN,Dakota_County,77576
27,39,MN,Dodge_County,65494
27,41,MN,Douglas_County,56819
27,43,MN,Faribault_County,52169
27,45,MN,Fillmore_County,52170
27,47,MN,Freeborn_County,47418
27,49,MN,Goodhue_County,60285
27,51,MN,Grant_County,50570
27,53,MN,Hennepin_County,68902
27,55,MN,Houston_County,56276
27,57,MN,Hubbard_County,52841
27,59,MN,Isanti_County,63134
27,61,MN,Itasca_County,52064
27,63,MN,Jackson_County,54001
27,65,MN,Kanabec_County,48907
27,67,MN,Kandiyohi_County,52597
27,69,MN,Kittson_County,55545
27,71,MN,Koochiching_County,46807
27,73,MN,Lac_qui_Parle_County,50764
27,75,MN,Lake_County,53093
27,77,MN,Lake_of_the_Woods_County,46128
27,79,MN,Le_Sueur_County,62672
27,81,MN,Lincoln_County,52164
27,83,MN,Lyon_County,55051
27,85,MN,McLeod_County,60549
27,87,MN,Mahnomen_County,40849
27,89,MN,Marshall_County,55889
27,91,MN,Martin_County,48478
27,93,MN,Meeker_County,58607
27,95,MN,Mille_Lacs_County,50633
27,97,MN,Morrison_County,54245
27,99,MN,Mower_County,50878
27,101,MN,Murray_County,50378
27,103,MN,Nicollet_County,58839
27,105,MN,Nobles_County,50100
27,107,MN,Norman_County,50775
27,109,MN,Olmsted_County,70063
27,111,MN,Otter_Tail_County,55357
27,113,MN,Pennington_County,51341
27,115,MN,Pine_County,46332
27,117,MN,Pipestone_County,51939
27,119,MN,Polk_County,54270
27,121,MN,Pope_County,53267
27,123,MN,Ramsey_County,57299
27,125,MN,Red_Lake_County,52244
27,127,MN,Redwood_County,48520
27,129,MN,Renville_County,56835
27,131,MN,Rice_County,59863
27,133,MN,Rock_County,55462
27,135,MN,Roseau_County,54416
27,137,MN,St._Louis_County,50141
27,139,MN,Scott_County,92898
27,141,MN,Sherburne_County,79495
27,143,MN,Sibley_County,57052
27,145,MN,Stearns_County,55244
27,147,MN,Steele_County,60970
27,149,MN,Stevens_County,54323
27,151,MN,Swift_County,47130
27,153,MN,Todd_County,48840
27,155,MN,Traverse_County,46764
27,157,MN,Wabasha_County,57873
27,159,MN,Wadena_County,45597
27,161,MN,Waseca_County,54495
27,163,MN,Washington_County,88329
27,165,MN,Watonwan_County,48044
27,167,MN,Wilkin_County,56583
27,169,MN,Winona_County,54367
27,171,MN,Wright_County,76407
27,173,MN,Yellow_Medicine_County,51569
28,0,MS,Mississippi,40630
28,1,MS,Adams_County,32673
28,3,MS,Alcorn_County,41383
28,5,MS,Amite_County,37085
28,7,MS,Attala_County,32988
28,9,MS,Benton_County,32467
28,11,MS,Bolivar_County,30311
28,13,MS,Calhoun_County,33906
28,15,MS,Carroll_County,39439
28,17,MS,Chickasaw_County,31937
28,19,MS,Choctaw_County,35370
28,21,MS,Claiborne_County,26959
28,23,MS,Clarke_County,38362
28,25,MS,Clay_County,32360
28,27,MS,Coahoma_County,25948
28,29,MS,Copiah_County,34723
28,31,MS,Covington_County,36206
28,33,MS,DeSoto_County,60610
28,35,MS,Forrest_County,35198
28,37,MS,Franklin_County,36391
28,39,MS,George_County,48212
28,41,MS,Greene_County,42699
28,43,MS,Grenada_County,35163
28,45,MS,Hancock_County,45911
28,47,MS,Harrison_County,42370
28,49,MS,Hinds_County,39158
28,51,MS,Holmes_County,24065
28,53,MS,Humphreys_County,25625
28,55,MS,Issaquena_County,28859
28,57,MS,Itawamba_County,39296
28,59,MS,Jackson_County,46339
28,61,MS,Jasper_County,35092
28,63,MS,Jefferson_County,26405
28,65,MS,Jefferson_Davis_County,28845
28,67,MS,Jones_County,36413
28,69,MS,Kemper_County,30381
28,71,MS,Lafayette_County,43435
28,73,MS,Lamar_County,53205
28,75,MS,Lauderdale_County,38334
28,77,MS,Lawrence_County,39460
28,79,MS,Leake_County,35804
28,81,MS,Lee_County,43098
28,83,MS,Leflore_County,26520
28,85,MS,Lincoln_County,40627
28,87,MS,Lowndes_County,41880
28,89,MS,Madison_County,67482
28,91,MS,Marion_County,34742
28,93,MS,Marshall_County,38006
28,95,MS,Monroe_County,38893
28,97,MS,Montgomery_County,34264
28,99,MS,Neshoba_County,38068
28,101,MS,Newton_County,36991
28,103,MS,Noxubee_County,28041
28,105,MS,Oktibbeha_County,38011
28,107,MS,Panola_County,35517
28,109,MS,Pearl_River_County,43420
28,111,MS,Perry_County,37777
28,113,MS,Pike_County,31976
28,115,MS,Pontotoc_County,39977
28,117,MS,Prentiss_County,38550
28,119,MS,Quitman_County,26467
28,121,MS,Rankin_County,58426
28,123,MS,Scott_County,34469
28,125,MS,Sharkey_County,27589
28,127,MS,Simpson_County,37742
28,129,MS,Smith_County,40637
28,131,MS,Stone_County,42295
28,133,MS,Sunflower_County,28184
28,135,MS,Tallahatchie_County,29474
28,137,MS,Tate_County,43376
28,139,MS,Tippah_County,38297
28,141,MS,Tishomingo_County,37740
28,143,MS,Tunica_County,30970
28,145,MS,Union_County,42120
28,147,MS,Walthall_County,31202
28,149,MS,Warren_County,40465
28,151,MS,Washington_County,27539
28,153,MS,Wayne_County,35989
28,155,MS,Webster_County,40214
28,157,MS,Wilkinson_County,28535
28,159,MS,Winston_County,35216
28,161,MS,Yalobusha_County,36062
28,163,MS,Yazoo_County,34218
29,0,MO,Missouri,50200
29,1,MO,Adair_County,40222
29,3,MO,Andrew_County,58675
29,5,MO,Atchison_County,46339
29,7,MO,Audrain_County,42480
29,9,MO,Barry_County,37467
29,11,MO,Barton_County,39633
29,13,MO,Bates_County,45887
29,15,MO,Benton_County,34156
29,17,MO,Bollinger_County,41623
29,19,MO,Boone_County,50865
29,21,MO,Buchanan_County,48294
29,23,MO,Butler_County,35509
29,25,MO,Caldwell_County,44470
29,27,MO,Callaway_County,50514
29,29,MO,Camden_County,49393
29,31,MO,Cape_Girardeau_County,49615
29,33,MO,Carroll_County,43638
29,35,MO,Carter_County,32269
29,37,MO,Cass_County,62996
29,39,MO,Cedar_County,37654
29,41,MO,Chariton_County,46230
29,43,MO,Christian_County,54044
29,45,MO,Clark_County,43225
29,47,MO,Clay_County,65106
29,49,MO,Clinton_County,59655
29,51,MO,Cole_County,56393
29,53,MO,Cooper_County,46632
29,55,MO,Crawford_County,38491
29,57,MO,Dade_County,38516
29,59,MO,Dallas_County,37780
29,61,MO,Daviess_County,43135
29,63,MO,DeKalb_County,44429
29,65,MO,Dent_County,36808
29,67,MO,Douglas_County,32979
29,69,MO,Dunklin_County,31920
29,71,MO,Franklin_County,50438
29,73,MO,Gasconade_County,47717
29,75,MO,Gentry_County,43811
29,77,MO,Greene_County,43885
29,79,MO,Grundy_County,38763
29,81,MO,Harrison_County,38005
29,83,MO,Henry_County,42455
29,85,MO,Hickory_County,31320
29,87,MO,Holt_County,42845
29,89,MO,Howard_County,44634
29,91,MO,Howell_County,36604
29,93,MO,Iron_County,33415
29,95,MO,Jackson_County,48364
29,97,MO,Jasper_County,43724
29,99,MO,Jefferson_County,58747
29,101,MO,Johnson_County,44109
29,103,MO,Knox_County,40356
29,105,MO,Laclede_County,40741
29,107,MO,Lafayette_County,50325
29,109,MO,Lawrence_County,41619
29,111,MO,Lewis_County,45592
29,113,MO,Lincoln_County,54584
29,115,MO,Linn_County,39618
29,117,MO,Livingston_County,40808
29,119,MO,McDonald_County,37939
29,121,MO,Macon_County,41080
29,123,MO,Madison_County,35745
29,125,MO,Maries_County,43970
29,127,MO,Marion_County,41297
29,129,MO,Mercer_County,43244
29,131,MO,Miller_County,40077
29,133,MO,Mississippi_County,33283
29,135,MO,Moniteau_County,50525
29,137,MO,Monroe_County,44048
29,139,MO,Montgomery_County,41470
29,141,MO,Morgan_County,39219
29,143,MO,New_Madrid_County,36386
29,145,MO,Newton_County,46125
29,147,MO,Nodaway_County,44119
29,149,MO,Oregon_County,33573
29,151,MO,Osage_County,55962
29,153,MO,Ozark_County,31838
29,155,MO,Pemiscot_County,29621
29,157,MO,Perry_County,47226
29,159,MO,Pettis_County,42137
29,161,MO,Phelps_County,40676
29,163,MO,Pike_County,43007
29,165,MO,Platte_County,72548
29,167,MO,Polk_County,41326
29,169,MO,Pulaski_County,46756
29,171,MO,Putnam_County,37286
29,173,MO,Ralls_County,51015
29,175,MO,Randolph_County,39976
29,177,MO,Ray_County,54361
29,179,MO,Reynolds_County,34076
29,181,MO,Ripley_County,34069
29,183,MO,St._Charles_County,74009
29,185,MO,St._Clair_County,35128
29,186,MO,Ste._Genevieve_County,52806
29,187,MO,St._Francois_County,41222
29,189,MO,St._Louis_County,61569
29,195,MO,Saline_County,41958
29,197,MO,Schuyler_County,37851
29,199,MO,Scotland_County,41324
29,201,MO,Scott_County,40285
29,203,MO,Shannon_County,28171
29,205,MO,Shelby_County,41696
29,207,MO,Stoddard_County,38773
29,209,MO,Stone_County,42186
29,211,MO,Sullivan_County,41405
29,213,MO,Taney_County,39320
29,215,MO,Texas_County,34935
29,217,MO,Vernon_County,40186
29,219,MO,Warren_County,51933
29,221,MO,Washington_County,37986
29,223,MO,Wayne_County,32566
29,225,MO,Webster_County,43418
29,227,MO,Worth_County,43443
29,229,MO,Wright_County,32634
29,510,MO,St._Louis_city,37948
30,0,MT,Montana,49650
30,1,MT,Beaverhead_County,41083
30,3,MT,Big_Horn_County,41008
30,5,MT,Blaine_County,34667
30,7,MT,Broadwater_County,51360
30,9,MT,Carbon_County,49389
30,11,MT,Carter_County,46398
30,13,MT,Cascade_County,45597
30,15,MT,Chouteau_County,40280
30,17,MT,Custer_County,47510
30,19,MT,Daniels_County,43918
30,21,MT,Dawson_County,56648
30,23,MT,Deer_Lodge_County,37979
30,25,MT,Fallon_County,59928
30,27,MT,Fergus_County,43823
30,29,MT,Flathead_County,48063
30,31,MT,Gallatin_County,57358
30,33,MT,Garfield_County,45987
30,35,MT,Glacier_County,31666
30,37,MT,Golden_Valley_County,37883
30,39,MT,Granite_County,43470
30,41,MT,Hill_County,44178
30,43,MT,Jefferson_County,62508
30,45,MT,Judith_Basin_County,45472
30,47,MT,Lake_County,39383
30,49,MT,Lewis_and_Clark_County,56755
30,51,MT,Liberty_County,40052
30,53,MT,Lincoln_County,37281
30,55,MT,McCone_County,44387
30,57,MT,Madison_County,49872
30,59,MT,Meagher_County,41391
30,61,MT,Mineral_County,39584
30,63,MT,Missoula_County,44998
30,65,MT,Musselshell_County,41791
30,67,MT,Park_County,45642
30,69,MT,Petroleum_County,42919
30,71,MT,Phillips_County,38105
30,73,MT,Pondera_County,41168
30,75,MT,Powder_River_County,50491
30,77,MT,Powell_County,42755
30,79,MT,Prairie_County,42187
30,81,MT,Ravalli_County,48468
30,83,MT,Richland_County,68196
30,85,MT,Roosevelt_County,39147
30,87,MT,Rosebud_County,51732
30,89,MT,Sanders_County,36564
30,91,MT,Sheridan_County,50857
30,93,MT,Silver_Bow_County,42658
30,95,MT,Stillwater_County,60052
30,97,MT,Sweet_Grass_County,48361
30,99,MT,Teton_County,47598
30,101,MT,Toole_County,43879
30,103,MT,Treasure_County,49679
30,105,MT,Valley_County,46698
30,107,MT,Wheatland_County,35665
30,109,MT,Wibaux_County,49533
30,111,MT,Yellowstone_County,57326
31,0,NE,Nebraska,55073
31,1,NE,Adams_County,48579
31,3,NE,Antelope_County,48546
31,5,NE,Arthur_County,50753
31,7,NE,Banner_County,54115
31,9,NE,Blaine_County,44824
31,11,NE,Boone_County,54070
31,13,NE,Box_Butte_County,54652
31,15,NE,Boyd_County,42539
31,17,NE,Brown_County,46856
31,19,NE,Buffalo_County,55813
31,21,NE,Burt_County,49792
31,23,NE,Butler_County,55542
31,25,NE,Cass_County,66519
31,27,NE,Cedar_County,56092
31,29,NE,Chase_County,55319
31,31,NE,Cherry_County,54564
31,33,NE,Cheyenne_County,57255
31,35,NE,Clay_County,51431
31,37,NE,Colfax_County,50744
31,39,NE,Cuming_County,56995
31,41,NE,Custer_County,51014
31,43,NE,Dakota_County,49093
31,45,NE,Dawes_County,44135
31,47,NE,Dawson_County,47991
31,49,NE,Deuel_County,47641
31,51,NE,Dixon_County,52152
31,53,NE,Dodge_County,48969
31,55,NE,Douglas_County,58405
31,57,NE,Dundy_County,45745
31,59,NE,Fillmore_County,54086
31,61,NE,Franklin_County,44911
31,63,NE,Frontier_County,50700
31,65,NE,Furnas_County,40032
31,67,NE,Gage_County,50746
31,69,NE,Garden_County,42186
31,71,NE,Garfield_County,44643
31,73,NE,Gosper_County,56882
31,75,NE,Grant_County,56646
31,77,NE,Greeley_County,44920
31,79,NE,Hall_County,50093
31,81,NE,Hamilton_County,65103
31,83,NE,Harlan_County,47844
31,85,NE,Hayes_County,50516
31,87,NE,Hitchcock_County,43054
31,89,NE,Holt_County,50434
31,91,NE,Hooker_County,42989
31,93,NE,Howard_County,52464
31,95,NE,Jefferson_County,46812
31,97,NE,Johnson_County,47382
31,99,NE,Kearney_County,50645
31,101,NE,Keith_County,46888
31,103,NE,Keya_Paha_County,45886
31,105,NE,Kimball_County,45769
31,107,NE,Knox_County,45566
31,109,NE,Lancaster_County,54422
31,111,NE,Lincoln_County,53856
31,113,NE,Logan_County,51098
31,115,NE,Loup_County,52862
31,117,NE,McPherson_County,57175
31,119,NE,Madison_County,51330
31,121,NE,Merrick_County,51219
31,123,NE,Morrill_County,49082
31,125,NE,Nance_County,46958
31,127,NE,Nemaha_County,52034
31,129,NE,Nuckolls_County,41956
31,131,NE,Otoe_County,53015
31,133,NE,Pawnee_County,43646
31,135,NE,Perkins_County,58066
31,137,NE,Phelps_County,55566
31,139,NE,Pierce_County,56744
31,141,NE,Platte_County,58554
31,143,NE,Polk_County,61965
31,145,NE,Red_Willow_County,49308
31,147,NE,Richardson_County,44648
31,149,NE,Rock_County,51447
31,151,NE,Saline_County,55850
31,153,NE,Sarpy_County,73856
31,155,NE,Saunders_County,61025
31,157,NE,Scotts_Bluff_County,43428
31,159,NE,Seward_County,62455
31,161,NE,Sheridan_County,47005
31,163,NE,Sherman_County,42643
31,165,NE,Sioux_County,55606
31,167,NE,Stanton_County,56423
31,169,NE,Thayer_County,48947
31,171,NE,Thomas_County,48754
31,173,NE,Thurston_County,42290
31,175,NE,Valley_County,49929
31,177,NE,Washington_County,68435
31,179,NE,Wayne_County,54503
31,181,NE,Webster_County,40444
31,183,NE,Wheeler_County,55106
31,185,NE,York_County,59500
32,0,NV,Nevada,52544
32,1,NV,Churchill_County,54134
32,3,NV,Clark_County,51624
32,5,NV,Douglas_County,63620
32,7,NV,Elko_County,76518
32,9,NV,Esmeralda_County,49057
32,11,NV,Eureka_County,65459
32,13,NV,Humboldt_County,68060
32,15,NV,Lander_County,76713
32,17,NV,Lincoln_County,51788
32,19,NV,Lyon_County,51934
32,21,NV,Mineral_County,42164
32,23,NV,Nye_County,43819
32,27,NV,Pershing_County,54416
32,29,NV,Storey_County,61594
32,31,NV,Washoe_County,56457
32,33,NV,White_Pine_County,54975
32,510,NV,Carson_City,47015
33,0,NH,New_Hampshire,70003
33,1,NH,Belknap_County,63377
33,3,NH,Carroll_County,54351
33,5,NH,Cheshire_County,60339
33,7,NH,Coos_County,40286
33,9,NH,Grafton_County,57827
33,11,NH,Hillsborough_County,73474
33,13,NH,Merrimack_County,68148
33,15,NH,Rockingham_County,87103
33,17,NH,Strafford_County,60931
33,19,NH,Sullivan_County,53804
34,0,NJ,New_Jersey,72337
34,1,NJ,Atlantic_County,53296
34,3,NJ,Bergen_County,88512
34,5,NJ,Burlington_County,74844
34,7,NJ,Camden_County,63589
34,9,NJ,Cape_May_County,55632
34,11,NJ,Cumberland_County,50259
34,13,NJ,Essex_County,52206
34,15,NJ,Gloucester_County,76780
34,17,NJ,Hudson_County,60053
34,19,NJ,Hunterdon_County,102797
34,21,NJ,Mercer_County,72172
34,23,NJ,Middlesex_County,78249
34,25,NJ,Monmouth_County,86722
34,27,NJ,Morris_County,101754
34,29,NJ,Ocean_County,63478
34,31,NJ,Passaic_County,55723
34,33,NJ,Salem_County,63988
34,35,NJ,Somerset_County,99059
34,37,NJ,Sussex_County,84431
34,39,NJ,Union_County,70581
34,41,NJ,Warren_County,71672
35,0,NM,New_Mexico,45524
35,1,NM,Bernalillo_County,47870
35,3,NM,Catron_County,36570
35,5,NM,Chaves_County,39265
35,6,NM,Cibola_County,35580
35,7,NM,Colfax_County,37269
35,9,NM,Curry_County,41879
35,11,NM,DeBaca_County,33427
35,13,NM,Dona_Ana_County,39421
35,15,NM,Eddy_County,60407
35,17,NM,Grant_County,39792
35,19,NM,Guadalupe_County,31710
35,21,NM,Harding_County,39561
35,23,NM,Hidalgo_County,34336
35,25,NM,Lea_County,54686
35,27,NM,Lincoln_County,40297
35,28,NM,Los_Alamos_County,107126
35,29,NM,Luna_County,27151
35,31,NM,McKinley_County,29040
35,33,NM,Mora_County,31816
35,35,NM,Otero_County,38381
35,37,NM,Quay_County,29047
35,39,NM,Rio_Arriba_County,37319
35,41,NM,Roosevelt_County,38053
35,43,NM,Sandoval_County,62833
35,45,NM,San_Juan_County,49173
35,47,NM,San_Miguel_County,32303
35,49,NM,Santa_Fe_County,55247
35,51,NM,Sierra_County,29432
35,53,NM,Socorro_County,33673
35,55,NM,Taos_County,37092
35,57,NM,Torrance_County,35950
35,59,NM,Union_County,36715
35,61,NM,Valencia_County,42395
36,0,NY,New_York,60805
36,1,NY,Albany_County,57312
36,3,NY,Allegany_County,44331
36,5,NY,Bronx_County,35102
36,7,NY,Broome_County,46067
36,9,NY,Cattaraugus_County,40933
36,11,NY,Cayuga_County,51925
36,13,NY,Chautauqua_County,43973
36,15,NY,Chemung_County,51285
36,17,NY,Chenango_County,49082
36,19,NY,Clinton_County,46747
36,21,NY,Columbia_County,58335
36,23,NY,Cortland_County,49894
36,25,NY,Delaware_County,42907
36,27,NY,Dutchess_County,71348
36,29,NY,Erie_County,52176
36,31,NY,Essex_County,52282
36,33,NY,Franklin_County,45682
36,35,NY,Fulton_County,46543
36,37,NY,Genesee_County,53771
36,39,NY,Greene_County,48144
36,41,NY,Hamilton_County,47997
36,43,NY,Herkimer_County,49504
36,45,NY,Jefferson_County,50179
36,47,NY,Kings_County,51026
36,49,NY,Lewis_County,50846
36,51,NY,Livingston_County,53945
36,53,NY,Madison_County,58094
36,55,NY,Monroe_County,54204
36,57,NY,Montgomery_County,44414
36,59,NY,Nassau_County,101568
36,61,NY,New_York_County,75136
36,63,NY,Niagara_County,48517
36,65,NY,Oneida_County,47390
36,67,NY,Onondaga_County,57114
36,69,NY,Ontario_County,58085
36,71,NY,Orange_County,71162
36,73,NY,Orleans_County,48126
36,75,NY,Oswego_County,49391
36,77,NY,Otsego_County,47942
36,79,NY,Putnam_County,90497
36,81,NY,Queens_County,60241
36,83,NY,Rensselaer_County,60117
36,85,NY,Richmond_County,71058
36,87,NY,Rockland_County,84249
36,89,NY,St._Lawrence_County,42811
36,91,NY,Saratoga_County,75029
36,93,NY,Schenectady_County,59432
36,95,NY,Schoharie_County,50588
36,97,NY,Schuyler_County,49664
36,99,NY,Seneca_County,49813
36,101,NY,Steuben_County,47352
36,103,NY,Suffolk_County,87634
36,105,NY,Sullivan_County,49161
36,107,NY,Tioga_County,57541
36,109,NY,Tompkins_County,55839
36,111,NY,Ulster_County,58328
36,113,NY,Warren_County,54492
36,115,NY,Washington_County,51188
36,117,NY,Wayne_County,51273
36,119,NY,Westchester_County,85688
36,121,NY,Wyoming_County,52796
36,123,NY,Yates_County,46392
37,0,NC,North_Carolina,47884
37,1,NC,Alamance_County,41566
37,3,NC,Alexander_County,41092
37,5,NC,Alleghany_County,36113
37,7,NC,Anson_County,35307
37,9,NC,Ashe_County,35238
37,11,NC,Avery_County,37120
37,13,NC,Beaufort_County,41725
37,15,NC,Bertie_County,31967
37,17,NC,Bladen_County,33882
37,19,NC,Brunswick_County,48831
37,21,NC,Buncombe_County,45094
37,23,NC,Burke_County,42711
37,25,NC,Cabarrus_County,57881
37,27,NC,Caldwell_County,39636
37,29,NC,Camden_County,62000
37,31,NC,Carteret_County,50837
37,33,NC,Caswell_County,40504
37,35,NC,Catawba_County,41745
37,37,NC,Chatham_County,58860
37,39,NC,Cherokee_County,38284
37,41,NC,Chowan_County,40794
37,43,NC,Clay_County,38980
37,45,NC,Cleveland_County,40237
37,47,NC,Columbus_County,34478
37,49,NC,Craven_County,47805
37,51,NC,Cumberland_County,42380
37,53,NC,Currituck_County,66426
37,55,NC,Dare_County,53585
37,57,NC,Davidson_County,46400
37,59,NC,Davie_County,52525
37,61,NC,Duplin_County,38397
37,63,NC,Durham_County,53875
37,65,NC,Edgecombe_County,32529
37,67,NC,Forsyth_County,47346
37,69,NC,Franklin_County,48009
37,71,NC,Gaston_County,45031
37,73,NC,Gates_County,46387
37,75,NC,Graham_County,33827
37,77,NC,Granville_County,50314
37,79,NC,Greene_County,35060
37,81,NC,Guilford_County,48283
37,83,NC,Halifax_County,31952
37,85,NC,Harnett_County,48301
37,87,NC,Haywood_County,43573
37,89,NC,Henderson_County,47280
37,91,NC,Hertford_County,34453
37,93,NC,Hoke_County,42819
37,95,NC,Hyde_County,37074
37,97,NC,Iredell_County,55848
37,99,NC,Jackson_County,41537
37,101,NC,Johnston_County,52681
37,103,NC,Jones_County,39688
37,105,NC,Lee_County,44294
37,107,NC,Lenoir_County,37085
37,109,NC,Lincoln_County,49343
37,111,NC,McDowell_County,37430
37,113,NC,Macon_County,41395
37,115,NC,Madison_County,37899
37,117,NC,Martin_County,36543
37,119,NC,Mecklenburg_County,57029
37,121,NC,Mitchell_County,39955
37,123,NC,Montgomery_County,39096
37,125,NC,Moore_County,52139
37,127,NC,Nash_County,43450
37,129,NC,New_Hanover_County,52456
37,131,NC,Northampton_County,33301
37,133,NC,Onslow_County,46144
37,135,NC,Orange_County,61570
37,137,NC,Pamlico_County,41004
37,139,NC,Pasquotank_County,42171
37,141,NC,Pender_County,49390
37,143,NC,Perquimans_County,42337
37,145,NC,Person_County,43917
37,147,NC,Pitt_County,41909
37,149,NC,Polk_County,45672
37,151,NC,Randolph_County,43216
37,153,NC,Richmond_County,33017
37,155,NC,Robeson_County,32128
37,157,NC,Rockingham_County,40148
37,159,NC,Rowan_County,44862
37,161,NC,Rutherford_County,36998
37,163,NC,Sampson_County,40660
37,165,NC,Scotland_County,35447
37,167,NC,Stanly_County,44878
37,169,NC,Stokes_County,42889
37,171,NC,Surry_County,38408
37,173,NC,Swain_County,36103
37,175,NC,Transylvania_County,45792
37,177,NC,Tyrrell_County,33759
37,179,NC,Union_County,71690
37,181,NC,Vance_County,32698
37,183,NC,Wake_County,70629
37,185,NC,Warren_County,34149
37,187,NC,Washington_County,35146
37,189,NC,Watauga_County,41762
37,191,NC,Wayne_County,41161
37,193,NC,Wilkes_County,40647
37,195,NC,Wilson_County,41276
37,197,NC,Yadkin_County,41208
37,199,NC,Yancey_County,36418
38,0,ND,North_Dakota,61674
38,1,ND,Adams_County,48106
38,3,ND,Barnes_County,51053
38,5,ND,Benson_County,39969
38,7,ND,Billings_County,76913
38,9,ND,Bottineau_County,56645
38,11,ND,Bowman_County,62892
38,13,ND,Burke_County,68477
38,15,ND,Burleigh_County,66057
38,17,ND,Cass_County,55946
38,19,ND,Cavalier_County,57200
38,21,ND,Dickey_County,56325
38,23,ND,Divide_County,62922
38,25,ND,Dunn_County,73135
38,27,ND,Eddy_County,47804
38,29,ND,Emmons_County,46952
38,31,ND,Foster_County,53408
38,33,ND,Golden_Valley_County,56948
38,35,ND,Grand_Forks_County,52022
38,37,ND,Grant_County,40879
38,39,ND,Griggs_County,47222
38,41,ND,Hettinger_County,53403
38,43,ND,Kidder_County,46800
38,45,ND,LaMoure_County,58638
38,47,ND,Logan_County,50047
38,49,ND,McHenry_County,56351
38,51,ND,McIntosh_County,48494
38,53,ND,McKenzie_County,82906
38,55,ND,McLean_County,62480
38,57,ND,Mercer_County,75698
38,59,ND,Morton_County,64260
38,61,ND,Mountrail_County,65606
38,63,ND,Nelson_County,48196
38,65,ND,Oliver_County,65798
38,67,ND,Pembina_County,58683
38,69,ND,Pierce_County,43419
38,71,ND,Ramsey_County,51607
38,73,ND,Ransom_County,60122
38,75,ND,Renville_County,65651
38,77,ND,Richland_County,56942
38,79,ND,Rolette_County,37634
38,81,ND,Sargent_County,58626
38,83,ND,Sheridan_County,38234
38,85,ND,Sioux_County,32895
38,87,ND,Slope_County,56833
38,89,ND,Stark_County,76844
38,91,ND,Steele_County,61352
38,93,ND,Stutsman_County,54925
38,95,ND,Towner_County,51561
38,97,ND,Traill_County,54814
38,99,ND,Walsh_County,51749
38,101,ND,Ward_County,61170
38,103,ND,Wells_County,51857
38,105,ND,Williams_County,89860
39,0,OH,Ohio,51086
39,1,OH,Adams_County,36609
39,3,OH,Allen_County,49297
39,5,OH,Ashland_County,48338
39,7,OH,Ashtabula_County,44258
39,9,OH,Athens_County,38400
39,11,OH,Auglaize_County,58840
39,13,OH,Belmont_County,45675
39,15,OH,Brown_County,47202
39,17,OH,Butler_County,58954
39,19,OH,Carroll_County,52166
39,21,OH,Champaign_County,58837
39,23,OH,Clark_County,47651
39,25,OH,Clermont_County,62214
39,27,OH,Clinton_County,47055
39,29,OH,Columbiana_County,42301
39,31,OH,Coshocton_County,41643
39,33,OH,Crawford_County,41471
39,35,OH,Cuyahoga_County,45506
39,37,OH,Darke_County,51131
39,39,OH,Defiance_County,53936
39,41,OH,Delaware_County,97679
39,43,OH,Erie_County,48129
39,45,OH,Fairfield_County,61450
39,47,OH,Fayette_County,45068
39,49,OH,Franklin_County,53939
39,51,OH,Fulton_County,58782
39,53,OH,Gallia_County,38738
39,55,OH,Geauga_County,76315
39,57,OH,Greene_County,61250
39,59,OH,Guernsey_County,41630
39,61,OH,Hamilton_County,51070
39,63,OH,Hancock_County,55265
39,65,OH,Hardin_County,44101
39,67,OH,Harrison_County,44221
39,69,OH,Henry_County,56986
39,71,OH,Highland_County,41494
39,73,OH,Hocking_County,43598
39,75,OH,Holmes_County,53540
39,77,OH,Huron_County,48838
39,79,OH,Jackson_County,42828
39,81,OH,Jefferson_County,43306
39,83,OH,Knox_County,50914
39,85,OH,Lake_County,60782
39,87,OH,Lawrence_County,39698
39,89,OH,Licking_County,59119
39,91,OH,Logan_County,49690
39,93,OH,Lorain_County,52779
39,95,OH,Lucas_County,43136
39,97,OH,Madison_County,63736
39,99,OH,Mahoning_County,42443
39,101,OH,Marion_County,43529
39,103,OH,Medina_County,70576
39,105,OH,Meigs_County,38479
39,107,OH,Mercer_County,56124
39,109,OH,Miami_County,51685
39,111,OH,Monroe_County,41754
39,113,OH,Montgomery_County,46696
39,115,OH,Morgan_County,39969
39,117,OH,Morrow_County,52312
39,119,OH,Muskingum_County,43324
39,121,OH,Noble_County,47714
39,123,OH,Ottawa_County,58793
39,125,OH,Paulding_County,49796
39,127,OH,Perry_County,44738
39,129,OH,Pickaway_County,58472
39,131,OH,Pike_County,39851
39,133,OH,Portage_County,53609
39,135,OH,Preble_County,51042
39,137,OH,Putnam_County,60036
39,139,OH,Richland_County,45273
39,141,OH,Ross_County,45615
39,143,OH,Sandusky_County,49994
39,145,OH,Scioto_County,37277
39,147,OH,Seneca_County,48617
39,149,OH,Shelby_County,59149
39,151,OH,Stark_County,48976
39,153,OH,Summit_County,51434
39,155,OH,Trumbull_County,42831
39,157,OH,Tuscarawas_County,47588
39,159,OH,Union_County,76116
39,161,OH,Van_Wert_County,51264
39,163,OH,Vinton_County,41675
39,165,OH,Warren_County,81383
39,167,OH,Washington_County,44697
39,169,OH,Wayne_County,52717
39,171,OH,Williams_County,49031
39,173,OH,Wood_County,57390
39,175,OH,Wyandot_County,51109
40,0,OK,Oklahoma,48595
40,1,OK,Adair_County,31572
40,3,OK,Alfalfa_County,52551
40,5,OK,Atoka_County,34850
40,7,OK,Beaver_County,59544
40,9,OK,Beckham_County,51394
40,11,OK,Blaine_County,43540
40,13,OK,Bryan_County,40875
40,15,OK,Caddo_County,43548
40,17,OK,Canadian_County,63291
40,19,OK,Carter_County,45287
40,21,OK,Cherokee_County,40600
40,23,OK,Choctaw_County,30572
40,25,OK,Cimarron_County,44023
40,27,OK,Cleveland_County,59417
40,29,OK,Coal_County,38954
40,31,OK,Comanche_County,46821
40,33,OK,Cotton_County,42901
40,35,OK,Craig_County,41119
40,37,OK,Creek_County,47395
40,39,OK,Custer_County,47745
40,41,OK,Delaware_County,38840
40,43,OK,Dewey_County,53004
40,45,OK,Ellis_County,57524
40,47,OK,Garfield_County,49070
40,49,OK,Garvin_County,46139
40,51,OK,Grady_County,53208
40,53,OK,Grant_County,50729
40,55,OK,Greer_County,36495
40,57,OK,Harmon_County,33144
40,59,OK,Harper_County,52635
40,61,OK,Haskell_County,36888
40,63,OK,Hughes_County,37676
40,65,OK,Jackson_County,44723
40,67,OK,Jefferson_County,36227
40,69,OK,Johnston_County,38980
40,71,OK,Kay_County,43373
40,73,OK,Kingfisher_County,59462
40,75,OK,Kiowa_County,37721
40,77,OK,Latimer_County,38313
40,79,OK,Le_Flore_County,38261
40,81,OK,Lincoln_County,46976
40,83,OK,Logan_County,57892
40,85,OK,Love_County,45223
40,87,OK,McClain_County,56700
40,89,OK,McCurtain_County,31723
40,91,OK,McIntosh_County,35775
40,93,OK,Major_County,55020
40,95,OK,Marshall_County,41312
40,97,OK,Mayes_County,46373
40,99,OK,Murray_County,45560
40,101,OK,Muskogee_County,40340
40,103,OK,Noble_County,51977
40,105,OK,Nowata_County,43341
40,107,OK,Okfuskee_County,37289
40,109,OK,Oklahoma_County,49750
40,111,OK,Okmulgee_County,39825
40,113,OK,Osage_County,46093
40,115,OK,Ottawa_County,36166
40,117,OK,Pawnee_County,45184
40,119,OK,Payne_County,41747
40,121,OK,Pittsburg_County,43257
40,123,OK,Pontotoc_County,44798
40,125,OK,Pottawatomie_County,43587
40,127,OK,Pushmataha_County,34910
40,129,OK,Roger_Mills_County,57063
40,131,OK,Rogers_County,63263
40,133,OK,Seminole_County,39102
40,135,OK,Sequoyah_County,36718
40,137,OK,Stephens_County,47949
40,139,OK,Texas_County,51092
40,141,OK,Tillman_County,38247
40,143,OK,Tulsa_County,51366
40,145,OK,Wagoner_County,57948
40,147,OK,Washington_County,52056
40,149,OK,Washita_County,49606
40,151,OK,Woods_County,52920
40,153,OK,Woodward_County,60290
41,0,OR,Oregon,54074
41,1,OR,Baker_County,40855
41,3,OR,Benton_County,54773
41,5,OR,Clackamas_County,69523
41,7,OR,Clatsop_County,47340
41,9,OR,Columbia_County,52060
41,11,OR,Coos_County,38934
41,13,OR,Crook_County,45046
41,15,OR,Curry_County,38126
41,17,OR,Deschutes_County,56911
41,19,OR,Douglas_County,41696
41,21,OR,Gilliam_County,50694
41,23,OR,Grant_County,43105
41,25,OR,Harney_County,40468
41,27,OR,Hood_River_County,53726
41,29,OR,Jackson_County,44855
41,31,OR,Jefferson_County,42325
41,33,OR,Josephine_County,40569
41,35,OR,Klamath_County,42384
41,37,OR,Lake_County,39878
41,39,OR,Lane_County,47254
41,41,OR,Lincoln_County,41118
41,43,OR,Linn_County,47757
41,45,OR,Malheur_County,37604
41,47,OR,Marion_County,51623
41,49,OR,Morrow_County,53774
41,51,OR,Multnomah_County,58764
41,53,OR,Polk_County,55342
41,55,OR,Sherman_County,51448
41,57,OR,Tillamook_County,44972
41,59,OR,Umatilla_County,49016
41,61,OR,Union_County,46378
41,63,OR,Wallowa_County,44045
41,65,OR,Wasco_County,45110
41,67,OR,Washington_County,70417
41,69,OR,Wheeler_County,34157
41,71,OR,Yamhill_County,52806
42,0,PA,Pennsylvania,55683
42,1,PA,Adams_County,60558
42,3,PA,Allegheny_County,54412
42,5,PA,Armstrong_County,44893
42,7,PA,Beaver_County,50131
42,9,PA,Bedford_County,45988
42,11,PA,Berks_County,56167
42,13,PA,Blair_County,44880
42,15,PA,Bradford_County,49367
42,17,PA,Bucks_County,80512
42,19,PA,Butler_County,67892
42,21,PA,Cambria_County,43786
42,23,PA,Cameron_County,42452
42,25,PA,Carbon_County,52121
42,27,PA,Centre_County,55084
42,29,PA,Chester_County,90555
42,31,PA,Clarion_County,39988
42,33,PA,Clearfield_County,44336
42,35,PA,Clinton_County,45897
42,37,PA,Columbia_County,44763
42,39,PA,Crawford_County,45989
42,41,PA,Cumberland_County,63926
42,43,PA,Dauphin_County,54198
42,45,PA,Delaware_County,67184
42,47,PA,Elk_County,47826
42,49,PA,Erie_County,47118
42,51,PA,Fayette_County,40293
42,53,PA,Forest_County,37388
42,55,PA,Franklin_County,56975
42,57,PA,Fulton_County,49378
42,59,PA,Greene_County,50714
42,61,PA,Huntingdon_County,44875
42,63,PA,Indiana_County,45448
42,65,PA,Jefferson_County,45499
42,67,PA,Juniata_County,50008
42,69,PA,Lackawanna_County,48000
42,71,PA,Lancaster_County,59231
42,73,PA,Lawrence_County,43944
42,75,PA,Lebanon_County,52829
42,77,PA,Lehigh_County,56352
42,79,PA,Luzerne_County,49589
42,81,PA,Lycoming_County,49941
42,83,PA,Mc_Kean_County,46039
42,85,PA,Mercer_County,46319
42,87,PA,Mifflin_County,42296
42,89,PA,Monroe_County,57152
42,91,PA,Montgomery_County,83258
42,93,PA,Montour_County,57056
42,95,PA,Northampton_County,62129
42,97,PA,Northumberland_County,44221
42,99,PA,Perry_County,54818
42,101,PA,Philadelphia_County,41210
42,103,PA,Pike_County,60436
42,105,PA,Potter_County,41754
42,107,PA,Schuylkill_County,45733
42,109,PA,Snyder_County,49803
42,111,PA,Somerset_County,43608
42,113,PA,Sullivan_County,43844
42,115,PA,Susquehanna_County,50141
42,117,PA,Tioga_County,48186
42,119,PA,Union_County,57862
42,121,PA,Venango_County,44916
42,123,PA,Warren_County,45362
42,125,PA,Washington_County,57622
42,127,PA,Wayne_County,49927
42,129,PA,Westmoreland_County,53422
42,131,PA,Wyoming_County,51797
42,133,PA,York_County,58527
44,0,RI,Rhode_Island,57265
44,1,RI,Bristol_County,75324
44,3,RI,Kent_County,65332
44,5,RI,Newport_County,66096
44,7,RI,Providence_County,50364
44,9,RI,Washington_County,71951
45,0,SC,South_Carolina,47308
45,1,SC,Abbeville_County,35932
45,3,SC,Aiken_County,48012
45,5,SC,Allendale_County,27089
45,7,SC,Anderson_County,44745
45,9,SC,Bamberg_County,29642
45,11,SC,Barnwell_County,33280
45,13,SC,Beaufort_County,60071
45,15,SC,Berkeley_County,55876
45,17,SC,Calhoun_County,41277
45,19,SC,Charleston_County,56244
45,21,SC,Cherokee_County,37098
45,23,SC,Chester_County,35006
45,25,SC,Chesterfield_County,36520
45,27,SC,Clarendon_County,34654
45,29,SC,Colleton_County,33745
45,31,SC,Darlington_County,36719
45,33,SC,Dillon_County,31094
45,35,SC,Dorchester_County,55595
45,37,SC,Edgefield_County,46430
45,39,SC,Fairfield_County,36622
45,41,SC,Florence_County,41197
45,43,SC,Georgetown_County,44395
45,45,SC,Greenville_County,52017
45,47,SC,Greenwood_County,42240
45,49,SC,Hampton_County,30772
45,51,SC,Horry_County,47083
45,53,SC,Jasper_County,37231
45,55,SC,Kershaw_County,48233
45,57,SC,Lancaster_County,47279
45,59,SC,Laurens_County,39731
45,61,SC,Lee_County,31525
45,63,SC,Lexington_County,55413
45,65,SC,McCormick_County,41589
45,67,SC,Marion_County,30528
45,69,SC,Marlboro_County,32485
45,71,SC,Newberry_County,41120
45,73,SC,Oconee_County,44819
45,75,SC,Orangeburg_County,37651
45,77,SC,Pickens_County,44091
45,79,SC,Richland_County,51065
45,81,SC,Saluda_County,41409
45,83,SC,Spartanburg_County,45768
45,85,SC,Sumter_County,41058
45,87,SC,Union_County,35467
45,89,SC,Williamsburg_County,28943
45,91,SC,York_County,57302
46,0,SD,South_Dakota,53263
46,3,SD,Aurora_County,50392
46,5,SD,Beadle_County,47592
46,7,SD,Bennett_County,40529
46,9,SD,Bon_Homme_County,48900
46,11,SD,Brookings_County,55749
46,13,SD,Brown_County,52065
46,15,SD,Brule_County,50604
46,17,SD,Buffalo_County,22894
46,19,SD,Butte_County,43572
46,21,SD,Campbell_County,49569
46,23,SD,Charles_Mix_County,41005
46,25,SD,Clark_County,60544
46,27,SD,Clay_County,43902
46,29,SD,Codington_County,53073
46,31,SD,Corson_County,31621
46,33,SD,Custer_County,54309
46,35,SD,Davison_County,47591
46,37,SD,Day_County,45131
46,39,SD,Deuel_County,54087
46,41,SD,Dewey_County,38337
46,43,SD,Douglas_County,51915
46,45,SD,Edmunds_County,56304
46,47,SD,Fall_River_County,44065
46,49,SD,Faulk_County,47802
46,51,SD,Grant_County,51251
46,53,SD,Gregory_County,36150
46,55,SD,Haakon_County,50221
46,57,SD,Hamlin_County,57278
46,59,SD,Hand_County,52718
46,61,SD,Hanson_County,59508
46,63,SD,Harding_County,57053
46,65,SD,Hughes_County,60582
46,67,SD,Hutchinson_County,49558
46,69,SD,Hyde_County,49820
46,71,SD,Jackson_County,36308
46,73,SD,Jerauld_County,49054
46,75,SD,Jones_County,47362
46,77,SD,Kingsbury_County,54543
46,79,SD,Lake_County,55300
46,81,SD,Lawrence_County,51553
46,83,SD,Lincoln_County,77540
46,85,SD,Lyman_County,39527
46,87,SD,McCook_County,56382
46,89,SD,McPherson_County,43859
46,91,SD,Marshall_County,50216
46,93,SD,Meade_County,55515
46,95,SD,Mellette_County,34241
46,97,SD,Miner_County,47970
46,99,SD,Minnehaha_County,55605
46,101,SD,Moody_County,54729
46,102,SD,Oglala_Lakota_County,30391
46,103,SD,Pennington_County,52217
46,105,SD,Perkins_County,44132
46,107,SD,Potter_County,54655
46,109,SD,Roberts_County,42744
46,111,SD,Sanborn_County,49638
46,115,SD,Spink_County,46504
46,117,SD,Stanley_County,62015
46,119,SD,Sully_County,58230
46,121,SD,Todd_County,29193
46,123,SD,Tripp_County,48289
46,125,SD,Turner_County,54134
46,127,SD,Union_County,74439
46,129,SD,Walworth_County,44480
46,135,SD,Yankton_County,48991
46,137,SD,Ziebach_County,33239
47,0,TN,Tennessee,47243
47,1,TN,Anderson_County,44488
47,3,TN,Bedford_County,44734
47,5,TN,Benton_County,36201
47,7,TN,Bledsoe_County,39730
47,9,TN,Blount_County,49532
47,11,TN,Bradley_County,43772
47,13,TN,Campbell_County,33092
47,15,TN,Cannon_County,43864
47,17,TN,Carroll_County,38412
47,19,TN,Carter_County,35053
47,21,TN,Cheatham_County,56447
47,23,TN,Chester_County,43452
47,25,TN,Claiborne_County,35193
47,27,TN,Clay_County,32750
47,29,TN,Cocke_County,31355
47,31,TN,Coffee_County,44452
47,33,TN,Crockett_County,38474
47,35,TN,Cumberland_County,39472
47,37,TN,Davidson_County,51999
47,39,TN,Decatur_County,38771
47,41,TN,DeKalb_County,43804
47,43,TN,Dickson_County,47621
47,45,TN,Dyer_County,43391
47,47,TN,Fayette_County,56710
47,49,TN,Fentress_County,31824
47,51,TN,Franklin_County,47286
47,53,TN,Gibson_County,40789
47,55,TN,Giles_County,42207
47,57,TN,Grainger_County,38103
47,59,TN,Greene_County,36309
47,61,TN,Grundy_County,33595
47,63,TN,Hamblen_County,39566
47,65,TN,Hamilton_County,48943
47,67,TN,Hancock_County,27987
47,69,TN,Hardeman_County,37729
47,71,TN,Hardin_County,36765
47,73,TN,Hawkins_County,38708
47,75,TN,Haywood_County,35216
47,77,TN,Henderson_County,41328
47,79,TN,Henry_County,38328
47,81,TN,Hickman_County,39682
47,83,TN,Houston_County,39999
47,85,TN,Humphreys_County,43657
47,87,TN,Jackson_County,34651
47,89,TN,Jefferson_County,42669
47,91,TN,Johnson_County,33402
47,93,TN,Knox_County,52136
47,95,TN,Lake_County,29908
47,97,TN,Lauderdale_County,34715
47,99,TN,Lawrence_County,40076
47,101,TN,Lewis_County,38198
47,103,TN,Lincoln_County,43694
47,105,TN,Loudon_County,52787
47,107,TN,McMinn_County,39207
47,109,TN,McNairy_County,37337
47,111,TN,Macon_County,37865
47,113,TN,Madison_County,46694
47,115,TN,Marion_County,41090
47,117,TN,Marshall_County,46788
47,119,TN,Maury_County,50868
47,121,TN,Meigs_County,41061
47,123,TN,Monroe_County,37867
47,125,TN,Montgomery_County,49603
47,127,TN,Moore_County,52911
47,129,TN,Morgan_County,46067
47,131,TN,Obion_County,39946
47,133,TN,Overton_County,36316
47,135,TN,Perry_County,34445
47,137,TN,Pickett_County,34714
47,139,TN,Polk_County,38923
47,141,TN,Putnam_County,40629
47,143,TN,Rhea_County,39863
47,145,TN,Roane_County,43939
47,147,TN,Robertson_County,53413
47,149,TN,Rutherford_County,60022
47,151,TN,Scott_County,33254
47,153,TN,Sequatchie_County,43207
47,155,TN,Sevier_County,41987
47,157,TN,Shelby_County,46998
47,159,TN,Smith_County,44556
47,161,TN,Stewart_County,44266
47,163,TN,Sullivan_County,42277
47,165,TN,Sumner_County,59816
47,167,TN,Tipton_County,54077
47,169,TN,Trousdale_County,47531
47,171,TN,Unicoi_County,36641
47,173,TN,Union_County,36878
47,175,TN,Van_Buren_County,39348
47,177,TN,Warren_County,39357
47,179,TN,Washington_County,45261
47,181,TN,Wayne_County,34895
47,183,TN,Weakley_County,38025
47,185,TN,White_County,38649
47,187,TN,Williamson_County,104367
47,189,TN,Wilson_County,65372
48,0,TX,Texas,55668
48,1,TX,Anderson_County,43062
48,3,TX,Andrews_County,72184
48,5,TX,Angelina_County,45428
48,7,TX,Aransas_County,41560
48,9,TX,Archer_County,60414
48,11,TX,Armstrong_County,55198
48,13,TX,Atascosa_County,49047
48,15,TX,Austin_County,57960
48,17,TX,Bailey_County,38299
48,19,TX,Bandera_County,53662
48,21,TX,Bastrop_County,56866
48,23,TX,Baylor_County,38231
48,25,TX,Bee_County,42540
48,27,TX,Bell_County,48894
48,29,TX,Bexar_County,52230
48,31,TX,Blanco_County,53449
48,33,TX,Borden_County,63358
48,35,TX,Bosque_County,47135
48,37,TX,Bowie_County,42515
48,39,TX,Brazoria_County,71230
48,41,TX,Brazos_County,44767
48,43,TX,Brewster_County,41785
48,45,TX,Briscoe_County,42261
48,47,TX,Brooks_County,30124
48,49,TX,Brown_County,41981
48,51,TX,Burleson_County,50113
48,53,TX,Burnet_County,53086
48,55,TX,Caldwell_County,46093
48,57,TX,Calhoun_County,50873
48,59,TX,Callahan_County,44450
48,61,TX,Cameron_County,34044
48,63,TX,Camp_County,40768
48,65,TX,Carson_County,61083
48,67,TX,Cass_County,39274
48,69,TX,Castro_County,43372
48,71,TX,Chambers_County,77282
48,73,TX,Cherokee_County,41355
48,75,TX,Childress_County,37732
48,77,TX,Clay_County,51234
48,79,TX,Cochran_County,39398
48,81,TX,Coke_County,42498
48,83,TX,Coleman_County,35922
48,85,TX,Collin_County,86823
48,87,TX,Collingsworth_County,38775
48,89,TX,Colorado_County,47783
48,91,TX,Comal_County,68362
48,93,TX,Comanche_County,41155
48,95,TX,Concho_County,39945
48,97,TX,Cooke_County,54534
48,99,TX,Coryell_County,45989
48,101,TX,Cottle_County,35602
48,103,TX,Crane_County,65883
48,105,TX,Crockett_County,53903
48,107,TX,Crosby_County,34562
48,109,TX,Culberson_County,35192
48,111,TX,Dallam_County,47559
48,113,TX,Dallas_County,51824
48,115,TX,Dawson_County,42589
48,117,TX,Deaf_Smith_County,45713
48,119,TX,Delta_County,42846
48,121,TX,Denton_County,75898
48,123,TX,DeWitt_County,47365
48,125,TX,Dickens_County,39169
48,127,TX,Dimmit_County,40040
48,129,TX,Donley_County,36862
48,131,TX,Duval_County,36986
48,133,TX,Eastland_County,41944
48,135,TX,Ector_County,62519
48,137,TX,Edwards_County,37567
48,139,TX,Ellis_County,66811
48,141,TX,El_Paso_County,43101
48,143,TX,Erath_County,45663
48,145,TX,Falls_County,37912
48,147,TX,Fannin_County,43733
48,149,TX,Fayette_County,53173
48,151,TX,Fisher_County,43082
48,153,TX,Floyd_County,36859
48,155,TX,Foard_County,36466
48,157,TX,Fort_Bend_County,95117
48,159,TX,Franklin_County,43569
48,161,TX,Freestone_County,48057
48,163,TX,Frio_County,38809
48,165,TX,Gaines_County,53297
48,167,TX,Galveston_County,66173
48,169,TX,Garza_County,54606
48,171,TX,Gillespie_County,54180
48,173,TX,Glasscock_County,74854
48,175,TX,Goliad_County,52612
48,177,TX,Gonzales_County,43519
48,179,TX,Gray_County,49415
48,181,TX,Grayson_County,48164
48,183,TX,Gregg_County,48561
48,185,TX,Grimes_County,44226
48,187,TX,Guadalupe_County,64252
48,189,TX,Hale_County,41999
48,191,TX,Hall_County,32158
48,193,TX,Hamilton_County,46181
48,195,TX,Hansford_County,55215
48,197,TX,Hardeman_County,38154
48,199,TX,Hardin_County,56201
48,201,TX,Harris_County,56670
48,203,TX,Harrison_County,46593
48,205,TX,Hartley_County,66231
48,207,TX,Haskell_County,36085
48,209,TX,Hays_County,61121
48,211,TX,Hemphill_County,71177
48,213,TX,Henderson_County,44944
48,215,TX,Hidalgo_County,35441
48,217,TX,Hill_County,44965
48,219,TX,Hockley_County,48768
48,221,TX,Hood_County,61371
48,223,TX,Hopkins_County,43284
48,225,TX,Houston_County,37536
48,227,TX,Howard_County,47148
48,229,TX,Hudspeth_County,33048
48,231,TX,Hunt_County,46632
48,233,TX,Hutchinson_County,53085
48,235,TX,Irion_County,64777
48,237,TX,Jack_County,51711
48,239,TX,Jackson_County,53667
48,241,TX,Jasper_County,46541
48,243,TX,Jeff_Davis_County,47654
48,245,TX,Jefferson_County,47620
48,247,TX,Jim_Hogg_County,36048
48,249,TX,Jim_Wells_County,43028
48,251,TX,Johnson_County,58685
48,253,TX,Jones_County,41871
48,255,TX,Karnes_County,47129
48,257,TX,Kaufman_County,60438
48,259,TX,Kendall_County,79108
48,261,TX,Kenedy_County,40082
48,263,TX,Kent_County,45338
48,265,TX,Kerr_County,47389
48,267,TX,Kimble_County,37448
48,269,TX,King_County,69588
48,271,TX,Kinney_County,40840
48,273,TX,Kleberg_County,40066
48,275,TX,Knox_County,43238
48,277,TX,Lamar_County,39433
48,279,TX,Lamb_County,41807
48,281,TX,Lampasas_County,50985
48,283,TX,La_Salle_County,42500
48,285,TX,Lavaca_County,49752
48,287,TX,Lee_County,54747
48,289,TX,Leon_County,47740
48,291,TX,Liberty_County,53552
48,293,TX,Limestone_County,40655
48,295,TX,Lipscomb_County,60955
48,297,TX,Live_Oak_County,53184
48,299,TX,Llano_County,46366
48,301,TX,Loving_County,59499
48,303,TX,Lubbock_County,47139
48,305,TX,Lynn_County,38922
48,307,TX,McCulloch_County,39900
48,309,TX,McLennan_County,46264
48,311,TX,McMullen_County,60709
48,313,TX,Madison_County,40857
48,315,TX,Marion_County,35152
48,317,TX,Martin_County,60815
48,319,TX,Mason_County,45340
48,321,TX,Matagorda_County,45073
48,323,TX,Maverick_County,34687
48,325,TX,Medina_County,52831
48,327,TX,Menard_County,34308
48,329,TX,Midland_County,79829
48,331,TX,Milam_County,46433
48,333,TX,Mills_County,40958
48,335,TX,Mitchell_County,41977
48,337,TX,Montague_County,49653
48,339,TX,Montgomery_County,72428
48,341,TX,Moore_County,49345
48,343,TX,Morris_County,37236
48,345,TX,Motley_County,40575
48,347,TX,Nacogdoches_County,39556
48,349,TX,Navarro_County,41047
48,351,TX,Newton_County,40345
48,353,TX,Nolan_County,40052
48,355,TX,Nueces_County,50188
48,357,TX,Ochiltree_County,67136
48,359,TX,Oldham_County,53797
48,361,TX,Orange_County,51156
48,363,TX,Palo_Pinto_County,42932
48,365,TX,Panola_County,50057
48,367,TX,Parker_County,67545
48,369,TX,Parmer_County,46827
48,371,TX,Pecos_County,45839
48,373,TX,Polk_County,42746
48,375,TX,Potter_County,40353
48,377,TX,Presidio_County,33218
48,379,TX,Rains_County,46698
48,381,TX,Randall_County,62080
48,383,TX,Reagan_County,65948
48,385,TX,Real_County,34031
48,387,TX,Red_River_County,36347
48,389,TX,Reeves_County,44470
48,391,TX,Refugio_County,45562
48,393,TX,Roberts_County,71859
48,395,TX,Robertson_County,53635
48,397,TX,Rockwall_County,92150
48,399,TX,Runnels_County,39404
48,401,TX,Rusk_County,49347
48,403,TX,Sabine_County,36813
48,405,TX,San_Augustine_County,33156
48,407,TX,San_Jacinto_County,42371
48,409,TX,San_Patricio_County,52952
48,411,TX,San_Saba_County,42559
48,413,TX,Schleicher_County,53886
48,415,TX,Scurry_County,57385
48,417,TX,Shackelford_County,51685
48,419,TX,Shelby_County,41519
48,421,TX,Sherman_County,54010
48,423,TX,Smith_County,49364
48,425,TX,Somervell_County,58040
48,427,TX,Starr_County,28292
48,429,TX,Stephens_County,45410
48,431,TX,Sterling_County,62759
48,433,TX,Stonewall_County,45928
48,435,TX,Sutton_County,60310
48,437,TX,Swisher_County,40584
48,439,TX,Tarrant_County,60735
48,441,TX,Taylor_County,47388
48,443,TX,Terrell_County,43815
48,445,TX,Terry_County,43357
48,447,TX,Throckmorton_County,43225
48,449,TX,Titus_County,41538
48,451,TX,Tom_Green_County,47756
48,453,TX,Travis_County,65244
48,455,TX,Trinity_County,37213
48,457,TX,Tyler_County,40820
48,459,TX,Upshur_County,45494
48,461,TX,Upton_County,57085
48,463,TX,Uvalde_County,37700
48,465,TX,Val_Verde_County,42465
48,467,TX,Van_Zandt_County,47252
48,469,TX,Victoria_County,55406
48,471,TX,Walker_County,41429
48,473,TX,Waller_County,50746
48,475,TX,Ward_County,57570
48,477,TX,Washington_County,51879
48,479,TX,Webb_County,39237
48,481,TX,Wharton_County,45198
48,483,TX,Wheeler_County,51114
48,485,TX,Wichita_County,45430
48,487,TX,Wilbarger_County,43073
48,489,TX,Willacy_County,30287
48,491,TX,Williamson_County,78531
48,493,TX,Wilson_County,68805
48,495,TX,Winkler_County,55331
48,497,TX,Wise_County,58367
48,499,TX,Wood_County,45753
48,501,TX,Yoakum_County,59752
48,503,TX,Young_County,49079
48,505,TX,Zapata_County,35754
48,507,TX,Zavala_County,27711
49,0,UT,Utah,62961
49,1,UT,Beaver_County,50492
49,3,UT,Box_Elder_County,58380
49,5,UT,Cache_County,51951
49,7,UT,Carbon_County,47894
49,9,UT,Daggett_County,57368
49,11,UT,Davis_County,72268
49,13,UT,Duchesne_County,63149
49,15,UT,Emery_County,54086
49,17,UT,Garfield_County,45509
49,19,UT,Grand_County,44858
49,21,UT,Iron_County,45118
49,23,UT,Juab_County,55201
49,25,UT,Kane_County,47530
49,27,UT,Millard_County,52206
49,29,UT,Morgan_County,81358
49,31,UT,Piute_County,39507
49,33,UT,Rich_County,58645
49,35,UT,Salt_Lake_County,65549
49,37,UT,San_Juan_County,39305
49,39,UT,Sanpete_County,46929
49,41,UT,Sevier_County,48711
49,43,UT,Summit_County,93235
49,45,UT,Tooele_County,67938
49,47,UT,Uintah_County,67561
49,49,UT,Utah_County,65425
49,51,UT,Wasatch_County,75112
49,53,UT,Washington_County,54398
49,55,UT,Wayne_County,41596
49,57,UT,Weber_County,58786
50,0,VT,Vermont,56883
50,1,VT,Addison_County,58408
50,3,VT,Bennington_County,50506
50,5,VT,Caledonia_County,46403
50,7,VT,Chittenden_County,67112
50,9,VT,Essex_County,41764
50,11,VT,Franklin_County,59280
50,13,VT,Grand_Isle_County,68342
50,15,VT,Lamoille_County,54076
50,17,VT,Orange_County,54552
50,19,VT,Orleans_County,42884
50,21,VT,Rutland_County,51164
50,23,VT,Washington_County,56333
50,25,VT,Windham_County,49298
50,27,VT,Windsor_County,53984
51,0,VA,Virginia,66263
51,1,VA,Accomack_County,38690
51,3,VA,Albemarle_County,71293
51,5,VA,Alleghany_County,45210
51,7,VA,Amelia_County,53078
51,9,VA,Amherst_County,48646
51,11,VA,Appomattox_County,49461
51,13,VA,Arlington_County,104354
51,15,VA,Augusta_County,56867
51,17,VA,Bath_County,44401
51,19,VA,Bedford_County,54153
51,21,VA,Bland_County,44727
51,23,VA,Botetourt_County,62591
51,25,VA,Brunswick_County,39748
51,27,VA,Buchanan_County,32433
51,29,VA,Buckingham_County,43774
51,31,VA,Campbell_County,46938
51,33,VA,Caroline_County,54696
51,35,VA,Carroll_County,42790
51,36,VA,Charles_City_County,51645
51,37,VA,Charlotte_County,37819
51,41,VA,Chesterfield_County,75107
51,43,VA,Clarke_County,71789
51,45,VA,Craig_County,47832
51,47,VA,Culpeper_County,63728
51,49,VA,Cumberland_County,40958
51,51,VA,Dickenson_County,32620
51,53,VA,Dinwiddie_County,52694
51,57,VA,Essex_County,47427
51,59,VA,Fairfax_County,112844
51,61,VA,Fauquier_County,89610
51,63,VA,Floyd_County,48448
51,65,VA,Fluvanna_County,65899
51,67,VA,Franklin_County,49117
51,69,VA,Frederick_County,69991
51,71,VA,Giles_County,46727
51,73,VA,Gloucester_County,63742
51,75,VA,Goochland_County,86257
51,77,VA,Grayson_County,37684
51,79,VA,Greene_County,60406
51,81,VA,Greensville_County,40252
51,83,VA,Halifax_County,40432
51,85,VA,Hanover_County,81900
51,87,VA,Henrico_County,65524
51,89,VA,Henry_County,36695
51,91,VA,Highland_County,42363
51,93,VA,Isle_of_Wight_County,67480
51,95,VA,James_City_County,77668
51,97,VA,King_and_Queen_County,47513
51,99,VA,King_George_County,81128
51,101,VA,King_William_County,64651
51,103,VA,Lancaster_County,47098
51,105,VA,Lee_County,32135
51,107,VA,Loudoun_County,125900
51,109,VA,Louisa_County,57015
51,111,VA,Lunenburg_County,38941
51,113,VA,Madison_County,53655
51,115,VA,Mathews_County,56119
51,117,VA,Mecklenburg_County,33650
51,119,VA,Middlesex_County,52407
51,121,VA,Montgomery_County,51157
51,125,VA,Nelson_County,49621
51,127,VA,New_Kent_County,79322
51,131,VA,Northampton_County,37515
51,133,VA,Northumberland_County,52075
51,135,VA,Nottoway_County,39544
51,137,VA,Orange_County,59482
51,139,VA,Page_County,43313
51,141,VA,Patrick_County,37360
51,143,VA,Pittsylvania_County,42390
51,145,VA,Powhatan_County,77761
51,147,VA,Prince_Edward_County,41088
51,149,VA,Prince_George_County,63320
51,153,VA,Prince_William_County,99206
51,155,VA,Pulaski_County,48218
51,157,VA,Rappahannock_County,62729
51,159,VA,Richmond_County,43888
51,161,VA,Roanoke_County,63372
51,163,VA,Rockbridge_County,47561
51,165,VA,Rockingham_County,52953
51,167,VA,Russell_County,38386
51,169,VA,Scott_County,37567
51,171,VA,Shenandoah_County,54281
51,173,VA,Smyth_County,38933
51,175,VA,Southampton_County,48119
51,177,VA,Spotsylvania_County,76181
51,179,VA,Stafford_County,95666
51,181,VA,Surry_County,51331
51,183,VA,Sussex_County,39900
51,185,VA,Tazewell_County,40476
51,187,VA,Warren_County,58047
51,191,VA,Washington_County,45864
51,193,VA,Westmoreland_County,47581
51,195,VA,Wise_County,36076
51,197,VA,Wythe_County,42883
51,199,VA,York_County,83007
51,510,VA,Alexandria_city,89177
51,520,VA,Bristol_city,38745
51,530,VA,Buena_Vista_city,38962
51,540,VA,Charlottesville_city,54876
51,550,VA,Chesapeake_city,67296
51,570,VA,Colonial_Heights_city,45283
51,580,VA,Covington_city,35374
51,590,VA,Danville_city,32369
51,595,VA,Emporia_city,33904
51,600,VA,Fairfax_city,99671
51,610,VA,Falls_Church_city,122092
51,620,VA,Franklin_city,36004
51,630,VA,Fredericksburg_city,50710
51,640,VA,Galax_city,32829
51,650,VA,Hampton_city,50191
51,660,VA,Harrisonburg_city,39967
51,670,VA,Hopewell_city,37193
51,678,VA,Lexington_city,44392
51,680,VA,Lynchburg_city,39939
51,683,VA,Manassas_city,72562
51,685,VA,Manassas_Park_city,75429
51,690,VA,Martinsville_city,32541
51,700,VA,Newport_News_city,48127
51,710,VA,Norfolk_city,45094
51,720,VA,Norton_city,31287
51,730,VA,Petersburg_city,31645
51,735,VA,Poquoson_city,86135
51,740,VA,Portsmouth_city,46308
51,750,VA,Radford_city,35259
51,760,VA,Richmond_city,40161
51,770,VA,Roanoke_city,39587
51,775,VA,Salem_city,47600
51,790,VA,Staunton_city,43401
51,800,VA,Suffolk_city,61171
51,810,VA,Virginia_Beach_city,67032
51,820,VA,Waynesboro_city,43500
51,830,VA,Williamsburg_city,47971
51,840,VA,Winchester_city,47679
53,0,WA,Washington,64080
53,1,WA,Adams_County,48127
53,3,WA,Asotin_County,46573
53,5,WA,Benton_County,62698
53,7,WA,Chelan_County,53604
53,9,WA,Clallam_County,46708
53,11,WA,Clark_County,64282
53,13,WA,Columbia_County,40209
53,15,WA,Cowlitz_County,50502
53,17,WA,Douglas_County,51400
53,19,WA,Ferry_County,40747
53,21,WA,Franklin_County,58246
53,23,WA,Garfield_County,47087
53,25,WA,Grant_County,50573
53,27,WA,Grays_Harbor_County,44345
53,29,WA,Island_County,60567
53,31,WA,Jefferson_County,53421
53,33,WA,King_County,81816
53,35,WA,Kitsap_County,65814
53,37,WA,Kittitas_County,47378
53,39,WA,Klickitat_County,50043
53,41,WA,Lewis_County,47619
53,43,WA,Lincoln_County,49774
53,45,WA,Mason_County,54175
53,47,WA,Okanogan_County,41844
53,49,WA,Pacific_County,41088
53,51,WA,Pend_Oreille_County,41526
53,53,WA,Pierce_County,60168
53,55,WA,San_Juan_County,59859
53,57,WA,Skagit_County,56891
53,59,WA,Skamania_County,53733
53,61,WA,Snohomish_County,76053
53,63,WA,Spokane_County,48676
53,65,WA,Stevens_County,42845
53,67,WA,Thurston_County,62299
53,69,WA,Wahkiakum_County,50402
53,71,WA,Walla_Walla_County,50120
53,73,WA,Whatcom_County,55073
53,75,WA,Whitman_County,43817
53,77,WA,Yakima_County,46891
54,0,WV,West_Virginia,41969
54,1,WV,Barbour_County,37330
54,3,WV,Berkeley_County,54217
54,5,WV,Boone_County,37971
54,7,WV,Braxton_County,35892
54,9,WV,Brooke_County,45272
54,11,WV,Cabell_County,39044
54,13,WV,Calhoun_County,36403
54,15,WV,Clay_County,30369
54,17,WV,Doddridge_County,41115
54,19,WV,Fayette_County,36235
54,21,WV,Gilmer_County,36392
54,23,WV,Grant_County,38370
54,25,WV,Greenbrier_County,38209
54,27,WV,Hampshire_County,40293
54,29,WV,Hancock_County,42009
54,31,WV,Hardy_County,41344
54,33,WV,Harrison_County,46979
54,35,WV,Jackson_County,44675
54,37,WV,Jefferson_County,67821
54,39,WV,Kanawha_County,44849
54,41,WV,Lewis_County,39601
54,43,WV,Lincoln_County,35249
54,45,WV,Logan_County,35615
54,47,WV,McDowell_County,26413
54,49,WV,Marion_County,43654
54,51,WV,Marshall_County,48109
54,53,WV,Mason_County,35717
54,55,WV,Mercer_County,35342
54,57,WV,Mineral_County,43159
54,59,WV,Mingo_County,31742
54,61,WV,Monongalia_County,46718
54,63,WV,Monroe_County,34974
54,65,WV,Morgan_County,45628
54,67,WV,Nicholas_County,38912
54,69,WV,Ohio_County,46315
54,71,WV,Pendleton_County,40257
54,73,WV,Pleasants_County,48308
54,75,WV,Pocahontas_County,36822
54,77,WV,Preston_County,43804
54,79,WV,Putnam_County,58933
54,81,WV,Raleigh_County,38564
54,83,WV,Randolph_County,37185
54,85,WV,Ritchie_County,39501
54,87,WV,Roane_County,36176
54,89,WV,Summers_County,35676
54,91,WV,Taylor_County,43652
54,93,WV,Tucker_County,38000
54,95,WV,Tyler_County,42696
54,97,WV,Upshur_County,40766
54,99,WV,Wayne_County,35537
54,101,WV,Webster_County,30673
54,103,WV,Wetzel_County,41833
54,105,WV,Wirt_County,42309
54,107,WV,Wood_County,41133
54,109,WV,Wyoming_County,35020
55,0,WI,Wisconsin,55623
55,1,WI,Adams_County,42844
55,3,WI,Ashland_County,40163
55,5,WI,Barron_County,51056
55,7,WI,Bayfield_County,50080
55,9,WI,Brown_County,56003
55,11,WI,Buffalo_County,53892
55,13,WI,Burnett_County,44858
55,15,WI,Calumet_County,71298
55,17,WI,Chippewa_County,53209
55,19,WI,Clark_County,50187
55,21,WI,Columbia_County,60837
55,23,WI,Crawford_County,44895
55,25,WI,Dane_County,65416
55,27,WI,Dodge_County,56514
55,29,WI,Door_County,55047
55,31,WI,Douglas_County,48715
55,33,WI,Dunn_County,53082
55,35,WI,Eau_Claire_County,51937
55,37,WI,Florence_County,46193
55,39,WI,Fond_du_Lac_County,58049
55,41,WI,Forest_County,44098
55,43,WI,Grant_County,51008
55,45,WI,Green_County,59155
55,47,WI,Green_Lake_County,49493
55,49,WI,Iowa_County,58092
55,51,WI,Iron_County,42328
55,53,WI,Jackson_County,50653
55,55,WI,Jefferson_County,61622
55,57,WI,Juneau_County,46051
55,59,WI,Kenosha_County,56414
55,61,WI,Kewaunee_County,60572
55,63,WI,La_Crosse_County,51428
55,65,WI,Lafayette_County,56428
55,67,WI,Langlade_County,44635
55,69,WI,Lincoln_County,51406
55,71,WI,Manitowoc_County,51951
55,73,WI,Marathon_County,56347
55,75,WI,Marinette_County,48545
55,77,WI,Marquette_County,48508
55,78,WI,Menominee_County,33410
55,79,WI,Milwaukee_County,45905
55,81,WI,Monroe_County,52975
55,83,WI,Oconto_County,53243
55,85,WI,Oneida_County,50297
55,87,WI,Outagamie_County,60649
55,89,WI,Ozaukee_County,80135
55,91,WI,Pepin_County,50094
55,93,WI,Pierce_County,63735
55,95,WI,Polk_County,54946
55,97,WI,Portage_County,57010
55,99,WI,Price_County,44932
55,101,WI,Racine_County,57367
55,103,WI,Richland_County,46998
55,105,WI,Rock_County,54107
55,107,WI,Rusk_County,42289
55,109,WI,St._Croix_County,74624
55,111,WI,Sauk_County,52025
55,113,WI,Sawyer_County,44556
55,115,WI,Shawano_County,50948
55,117,WI,Sheboygan_County,58190
55,119,WI,Taylor_County,48951
55,121,WI,Trempealeau_County,53695
55,123,WI,Vernon_County,49217
55,125,WI,Vilas_County,42993
55,127,WI,Walworth_County,58554
55,129,WI,Washburn_County,45043
55,131,WI,Washington_County,70778
55,133,WI,Waukesha_County,78689
55,135,WI,Waupaca_County,54849
55,137,WI,Waushara_County,49912
55,139,WI,Winnebago_County,52725
55,141,WI,Wood_County,51025
56,0,WY,Wyoming,61213
56,1,WY,Albany_County,44455
56,3,WY,Big_Horn_County,50056
56,5,WY,Campbell_County,83042
56,7,WY,Carbon_County,60209
56,9,WY,Converse_County,70307
56,11,WY,Crook_County,64851
56,13,WY,Fremont_County,52408
56,15,WY,Goshen_County,48146
56,17,WY,Hot_Springs_County,46021
56,19,WY,Johnson_County,56845
56,21,WY,Laramie_County,59147
56,23,WY,Lincoln_County,62364
56,25,WY,Natrona_County,56703
56,27,WY,Niobrara_County,46693
56,29,WY,Park_County,55527
56,31,WY,Platte_County,51863
56,33,WY,Sheridan_County,57122
56,35,WY,Sublette_County,77581
56,37,WY,Sweetwater_County,71867
56,39,WY,Teton_County,83290
56,41,WY,Uinta_County,62968
56,43,WY,Washakie_County,56088
56,45,WY,Weston_County,60986
